"Time","Contracts","Funding Interval","Funding Rate"
"2025-03-22 17:00:00","SUIUSDC Perpetual","8h","0.001761%"
"2025-03-22 09:00:00","SUIUSDC Perpetual","8h","-0.006096%"
"2025-03-22 01:00:00","SUIUSDC Perpetual","8h","0.010000%"
"2025-03-21 17:00:00","SUIUSDC Perpetual","8h","0.009071%"
"2025-03-21 09:00:00","SUIUSDC Perpetual","8h","-0.003632%"
"2025-03-21 01:00:00","SUIUSDC Perpetual","8h","-0.001705%"
"2025-03-20 17:00:00","SUIUSDC Perpetual","8h","-0.011797%"
"2025-03-20 09:00:00","SUIUSDC Perpetual","8h","-0.003092%"
"2025-03-20 01:00:00","SUIUSDC Perpetual","8h","0.010000%"
"2025-03-19 17:00:00","SUIUSDC Perpetual","8h","0.009702%"
"2025-03-19 09:00:00","SUIUSDC Perpetual","8h","0.010000%"
"2025-03-19 01:00:00","SUIUSDC Perpetual","8h","-0.002804%"
"2025-03-18 17:00:00","SUIUSDC Perpetual","8h","-0.033990%"
"2025-03-18 09:00:00","SUIUSDC Perpetual","8h","-0.000101%"
"2025-03-18 01:00:00","SUIUSDC Perpetual","8h","0.002679%"
"2025-03-17 17:00:00","SUIUSDC Perpetual","8h","0.005828%"
"2025-03-17 09:00:00","SUIUSDC Perpetual","8h","-0.014691%"
"2025-03-17 01:00:00","SUIUSDC Perpetual","8h","0.002659%"
"2025-03-16 17:00:00","SUIUSDC Perpetual","8h","0.006736%"
"2025-03-16 09:00:00","SUIUSDC Perpetual","8h","-0.001241%"
"2025-03-16 01:00:00","SUIUSDC Perpetual","8h","0.005509%"
"2025-03-15 17:00:00","SUIUSDC Perpetual","8h","-0.001609%"
"2025-03-15 09:00:00","SUIUSDC Perpetual","8h","0.004882%"
"2025-03-15 01:00:00","SUIUSDC Perpetual","8h","0.010000%"
"2025-03-14 17:00:00","SUIUSDC Perpetual","8h","0.002712%"
"2025-03-14 09:00:00","SUIUSDC Perpetual","8h","-0.000327%"
"2025-03-14 01:00:00","SUIUSDC Perpetual","8h","0.001246%"
"2025-03-13 17:00:00","SUIUSDC Perpetual","8h","-0.010244%"
"2025-03-13 09:00:00","SUIUSDC Perpetual","8h","0.010000%"
"2025-03-13 01:00:00","SUIUSDC Perpetual","8h","0.003279%"
"2025-03-12 17:00:00","SUIUSDC Perpetual","8h","-0.017039%"
"2025-03-12 09:00:00","SUIUSDC Perpetual","8h","-0.004210%"
"2025-03-12 01:00:00","SUIUSDC Perpetual","8h","0.005145%"
"2025-03-11 17:00:00","SUIUSDC Perpetual","8h","0.010000%"
"2025-03-11 09:00:00","SUIUSDC Perpetual","8h","0.006640%"
"2025-03-11 01:00:00","SUIUSDC Perpetual","8h","-0.001109%"
"2025-03-10 17:00:00","SUIUSDC Perpetual","8h","-0.000494%"
"2025-03-10 09:00:00","SUIUSDC Perpetual","8h","0.010000%"
"2025-03-10 01:00:00","SUIUSDC Perpetual","8h","0.010000%"
"2025-03-09 17:00:00","SUIUSDC Perpetual","8h","-0.000725%"
"2025-03-09 09:00:00","SUIUSDC Perpetual","8h","-0.005750%"
"2025-03-09 01:00:00","SUIUSDC Perpetual","8h","-0.020240%"
"2025-03-08 17:00:00","SUIUSDC Perpetual","8h","-0.003338%"
"2025-03-08 09:00:00","SUIUSDC Perpetual","8h","-0.005624%"
"2025-03-08 01:00:00","SUIUSDC Perpetual","8h","-0.010646%"
"2025-03-07 17:00:00","SUIUSDC Perpetual","8h","-0.064309%"
"2025-03-07 09:00:00","SUIUSDC Perpetual","8h","-0.030468%"
"2025-03-07 01:00:00","SUIUSDC Perpetual","8h","-0.026179%"
"2025-03-06 17:00:00","SUIUSDC Perpetual","8h","-0.028903%"
"2025-03-06 09:00:00","SUIUSDC Perpetual","8h","0.010000%"
"2025-03-06 01:00:00","SUIUSDC Perpetual","8h","-0.021165%"
"2025-03-05 17:00:00","SUIUSDC Perpetual","8h","-0.007246%"
"2025-03-05 09:00:00","SUIUSDC Perpetual","8h","0.001481%"
"2025-03-05 01:00:00","SUIUSDC Perpetual","8h","0.010000%"
"2025-03-04 17:00:00","SUIUSDC Perpetual","8h","0.010000%"
"2025-03-04 09:00:00","SUIUSDC Perpetual","8h","0.002970%"
"2025-03-04 01:00:00","SUIUSDC Perpetual","8h","0.010000%"
"2025-03-03 17:00:00","SUIUSDC Perpetual","8h","0.006559%"
"2025-03-03 09:00:00","SUIUSDC Perpetual","8h","0.010000%"
"2025-03-03 01:00:00","SUIUSDC Perpetual","8h","0.005983%"
"2025-03-02 17:00:00","SUIUSDC Perpetual","8h","0.010000%"
"2025-03-02 09:00:00","SUIUSDC Perpetual","8h","0.010000%"
"2025-03-02 01:00:00","SUIUSDC Perpetual","8h","0.010000%"
"2025-03-01 17:00:00","SUIUSDC Perpetual","8h","-0.009328%"
"2025-03-01 09:00:00","SUIUSDC Perpetual","8h","0.009198%"
"2025-03-01 01:00:00","SUIUSDC Perpetual","8h","0.005853%"
"2025-02-28 17:00:00","SUIUSDC Perpetual","8h","0.010000%"
"2025-02-28 09:00:00","SUIUSDC Perpetual","8h","0.010000%"
"2025-02-28 01:00:00","SUIUSDC Perpetual","8h","0.010000%"
"2025-02-27 17:00:00","SUIUSDC Perpetual","8h","0.010000%"
"2025-02-27 09:00:00","SUIUSDC Perpetual","8h","0.010000%"
"2025-02-27 01:00:00","SUIUSDC Perpetual","8h","0.010000%"
"2025-02-26 17:00:00","SUIUSDC Perpetual","8h","-0.006215%"
"2025-02-26 09:00:00","SUIUSDC Perpetual","8h","-0.000714%"
"2025-02-26 01:00:00","SUIUSDC Perpetual","8h","0.010000%"
"2025-02-25 17:00:00","SUIUSDC Perpetual","8h","0.002239%"
"2025-02-25 09:00:00","SUIUSDC Perpetual","8h","-0.014398%"
"2025-02-25 01:00:00","SUIUSDC Perpetual","8h","0.001369%"
"2025-02-24 17:00:00","SUIUSDC Perpetual","8h","0.010000%"
"2025-02-24 09:00:00","SUIUSDC Perpetual","8h","0.010000%"
"2025-02-24 01:00:00","SUIUSDC Perpetual","8h","0.006038%"
"2025-02-23 17:00:00","SUIUSDC Perpetual","8h","-0.007492%"
"2025-02-23 09:00:00","SUIUSDC Perpetual","8h","0.010000%"
"2025-02-23 01:00:00","SUIUSDC Perpetual","8h","0.001159%"
"2025-02-22 17:00:00","SUIUSDC Perpetual","8h","-0.003968%"
"2025-02-22 09:00:00","SUIUSDC Perpetual","8h","0.010000%"
"2025-02-22 01:00:00","SUIUSDC Perpetual","8h","-0.011308%"
"2025-02-21 17:00:00","SUIUSDC Perpetual","8h","-0.012081%"
"2025-02-21 09:00:00","SUIUSDC Perpetual","8h","-0.016163%"
"2025-02-21 01:00:00","SUIUSDC Perpetual","8h","-0.016495%"
"2025-02-20 17:00:00","SUIUSDC Perpetual","8h","-0.010169%"
"2025-02-20 09:00:00","SUIUSDC Perpetual","8h","-0.007752%"
"2025-02-20 01:00:00","SUIUSDC Perpetual","8h","0.010000%"
"2025-02-19 17:00:00","SUIUSDC Perpetual","8h","0.010000%"
"2025-02-19 09:00:00","SUIUSDC Perpetual","8h","0.010000%"
"2025-02-19 01:00:00","SUIUSDC Perpetual","8h","0.010000%"
"2025-02-18 17:00:00","SUIUSDC Perpetual","8h","0.007109%"
"2025-02-18 09:00:00","SUIUSDC Perpetual","8h","0.010000%"
"2025-02-18 01:00:00","SUIUSDC Perpetual","8h","-0.000030%"
"2025-02-17 17:00:00","SUIUSDC Perpetual","8h","0.010000%"
"2025-02-17 09:00:00","SUIUSDC Perpetual","8h","0.008402%"
"2025-02-17 01:00:00","SUIUSDC Perpetual","8h","-0.002360%"
"2025-02-16 17:00:00","SUIUSDC Perpetual","8h","-0.001764%"
"2025-02-16 09:00:00","SUIUSDC Perpetual","8h","-0.006366%"
"2025-02-16 01:00:00","SUIUSDC Perpetual","8h","-0.005902%"
"2025-02-15 17:00:00","SUIUSDC Perpetual","8h","-0.018879%"
"2025-02-15 09:00:00","SUIUSDC Perpetual","8h","-0.014552%"
"2025-02-15 01:00:00","SUIUSDC Perpetual","8h","-0.002343%"
"2025-02-14 17:00:00","SUIUSDC Perpetual","8h","-0.001451%"
"2025-02-14 09:00:00","SUIUSDC Perpetual","8h","-0.000027%"
"2025-02-14 01:00:00","SUIUSDC Perpetual","8h","0.004862%"
"2025-02-13 17:00:00","SUIUSDC Perpetual","8h","0.010000%"
"2025-02-13 09:00:00","SUIUSDC Perpetual","8h","-0.008898%"
"2025-02-13 01:00:00","SUIUSDC Perpetual","8h","0.006434%"
"2025-02-12 17:00:00","SUIUSDC Perpetual","8h","0.010000%"
"2025-02-12 09:00:00","SUIUSDC Perpetual","8h","0.003609%"
"2025-02-12 01:00:00","SUIUSDC Perpetual","8h","0.003681%"
"2025-02-11 17:00:00","SUIUSDC Perpetual","8h","-0.002849%"
"2025-02-11 09:00:00","SUIUSDC Perpetual","8h","-0.009614%"
"2025-02-11 01:00:00","SUIUSDC Perpetual","8h","-0.001199%"
"2025-02-10 17:00:00","SUIUSDC Perpetual","8h","0.010000%"
"2025-02-10 09:00:00","SUIUSDC Perpetual","8h","0.010000%"
"2025-02-10 01:00:00","SUIUSDC Perpetual","8h","0.010000%"
"2025-02-09 17:00:00","SUIUSDC Perpetual","8h","-0.002850%"
"2025-02-09 09:00:00","SUIUSDC Perpetual","8h","0.008163%"
"2025-02-09 01:00:00","SUIUSDC Perpetual","8h","0.004281%"
"2025-02-08 17:00:00","SUIUSDC Perpetual","8h","0.000101%"
"2025-02-08 09:00:00","SUIUSDC Perpetual","8h","0.001307%"
"2025-02-08 01:00:00","SUIUSDC Perpetual","8h","-0.008253%"
"2025-02-07 17:00:00","SUIUSDC Perpetual","8h","-0.012586%"
"2025-02-07 09:00:00","SUIUSDC Perpetual","8h","-0.005189%"
"2025-02-07 01:00:00","SUIUSDC Perpetual","8h","-0.010842%"
"2025-02-06 17:00:00","SUIUSDC Perpetual","8h","-0.016036%"
"2025-02-06 09:00:00","SUIUSDC Perpetual","8h","-0.000268%"
"2025-02-06 01:00:00","SUIUSDC Perpetual","8h","-0.027336%"
"2025-02-05 17:00:00","SUIUSDC Perpetual","8h","-0.020087%"
"2025-02-05 09:00:00","SUIUSDC Perpetual","8h","-0.005531%"
"2025-02-05 01:00:00","SUIUSDC Perpetual","8h","-0.033021%"
"2025-02-04 17:00:00","SUIUSDC Perpetual","8h","-0.004274%"
"2025-02-04 09:00:00","SUIUSDC Perpetual","8h","-0.044750%"
"2025-02-04 01:00:00","SUIUSDC Perpetual","8h","-0.043550%"
"2025-02-03 17:00:00","SUIUSDC Perpetual","8h","-0.025349%"
"2025-02-03 09:00:00","SUIUSDC Perpetual","8h","0.010000%"
"2025-02-03 01:00:00","SUIUSDC Perpetual","8h","0.010000%"
"2025-02-02 17:00:00","SUIUSDC Perpetual","8h","0.010000%"
"2025-02-02 09:00:00","SUIUSDC Perpetual","8h","0.010000%"
"2025-02-02 01:00:00","SUIUSDC Perpetual","8h","0.010000%"
"2025-02-01 17:00:00","SUIUSDC Perpetual","8h","0.010000%"
"2025-02-01 09:00:00","SUIUSDC Perpetual","8h","0.010000%"
"2025-02-01 01:00:00","SUIUSDC Perpetual","8h","0.010000%"
"2025-01-31 17:00:00","SUIUSDC Perpetual","8h","0.010000%"
"2025-01-31 09:00:00","SUIUSDC Perpetual","8h","0.005545%"
"2025-01-31 01:00:00","SUIUSDC Perpetual","8h","0.010000%"
"2025-01-30 17:00:00","SUIUSDC Perpetual","8h","0.010000%"
"2025-01-30 09:00:00","SUIUSDC Perpetual","8h","0.010000%"
"2025-01-30 01:00:00","SUIUSDC Perpetual","8h","0.010000%"
"2025-01-29 17:00:00","SUIUSDC Perpetual","8h","0.010000%"
"2025-01-29 09:00:00","SUIUSDC Perpetual","8h","0.010000%"
"2025-01-29 01:00:00","SUIUSDC Perpetual","8h","0.010000%"
"2025-01-28 17:00:00","SUIUSDC Perpetual","8h","0.010000%"
"2025-01-28 09:00:00","SUIUSDC Perpetual","8h","0.010000%"
"2025-01-28 01:00:00","SUIUSDC Perpetual","8h","0.010000%"
"2025-01-27 17:00:00","SUIUSDC Perpetual","8h","0.017360%"
"2025-01-27 09:00:00","SUIUSDC Perpetual","8h","0.010000%"
"2025-01-27 01:00:00","SUIUSDC Perpetual","8h","0.010000%"
"2025-01-26 17:00:00","SUIUSDC Perpetual","8h","0.010000%"
"2025-01-26 09:00:00","SUIUSDC Perpetual","8h","0.010000%"
"2025-01-26 01:00:00","SUIUSDC Perpetual","8h","0.010000%"
"2025-01-25 17:00:00","SUIUSDC Perpetual","8h","0.010000%"
"2025-01-25 09:00:00","SUIUSDC Perpetual","8h","0.010000%"
"2025-01-25 01:00:00","SUIUSDC Perpetual","8h","0.010000%"
"2025-01-24 17:00:00","SUIUSDC Perpetual","8h","0.010000%"
"2025-01-24 09:00:00","SUIUSDC Perpetual","8h","0.010000%"
"2025-01-24 01:00:00","SUIUSDC Perpetual","8h","0.010000%"
"2025-01-23 17:00:00","SUIUSDC Perpetual","8h","0.010000%"
"2025-01-23 09:00:00","SUIUSDC Perpetual","8h","0.010000%"
"2025-01-23 01:00:00","SUIUSDC Perpetual","8h","0.010000%"
"2025-01-22 17:00:00","SUIUSDC Perpetual","8h","0.010000%"
"2025-01-22 09:00:00","SUIUSDC Perpetual","8h","0.010000%"
"2025-01-22 01:00:00","SUIUSDC Perpetual","8h","0.010000%"
"2025-01-21 17:00:00","SUIUSDC Perpetual","8h","0.010000%"
"2025-01-21 09:00:00","SUIUSDC Perpetual","8h","0.010000%"
"2025-01-21 01:00:00","SUIUSDC Perpetual","8h","0.014065%"
"2025-01-20 17:00:00","SUIUSDC Perpetual","8h","0.010000%"
"2025-01-20 09:00:00","SUIUSDC Perpetual","8h","0.013557%"
"2025-01-20 01:00:00","SUIUSDC Perpetual","8h","0.022507%"
"2025-01-19 17:00:00","SUIUSDC Perpetual","8h","0.021074%"
"2025-01-19 09:00:00","SUIUSDC Perpetual","8h","0.010000%"
"2025-01-19 01:00:00","SUIUSDC Perpetual","8h","0.010000%"
"2025-01-18 17:00:00","SUIUSDC Perpetual","8h","0.010000%"
"2025-01-18 09:00:00","SUIUSDC Perpetual","8h","0.010000%"
"2025-01-18 01:00:00","SUIUSDC Perpetual","8h","0.010000%"
"2025-01-17 17:00:00","SUIUSDC Perpetual","8h","0.022158%"
"2025-01-17 09:00:00","SUIUSDC Perpetual","8h","0.023688%"
"2025-01-17 01:00:00","SUIUSDC Perpetual","8h","0.010000%"
"2025-01-16 17:00:00","SUIUSDC Perpetual","8h","0.010000%"
"2025-01-16 09:00:00","SUIUSDC Perpetual","8h","0.010000%"
"2025-01-16 01:00:00","SUIUSDC Perpetual","8h","0.010000%"
"2025-01-15 17:00:00","SUIUSDC Perpetual","8h","0.010000%"
"2025-01-15 09:00:00","SUIUSDC Perpetual","8h","0.010000%"
"2025-01-15 01:00:00","SUIUSDC Perpetual","8h","0.010000%"
"2025-01-14 17:00:00","SUIUSDC Perpetual","8h","0.010000%"
"2025-01-14 09:00:00","SUIUSDC Perpetual","8h","0.010000%"
"2025-01-14 01:00:00","SUIUSDC Perpetual","8h","0.010000%"
"2025-01-13 17:00:00","SUIUSDC Perpetual","8h","0.010000%"
"2025-01-13 09:00:00","SUIUSDC Perpetual","8h","0.010000%"
"2025-01-13 01:00:00","SUIUSDC Perpetual","8h","0.010000%"
"2025-01-12 17:00:00","SUIUSDC Perpetual","8h","-0.025470%"
"2025-01-12 09:00:00","SUIUSDC Perpetual","8h","-0.003030%"
"2025-01-12 01:00:00","SUIUSDC Perpetual","8h","-0.000572%"
"2025-01-11 17:00:00","SUIUSDC Perpetual","8h","-0.007936%"
"2025-01-11 09:00:00","SUIUSDC Perpetual","8h","-0.009435%"
"2025-01-11 01:00:00","SUIUSDC Perpetual","8h","0.010000%"
"2025-01-10 17:00:00","SUIUSDC Perpetual","8h","0.002756%"
"2025-01-10 09:00:00","SUIUSDC Perpetual","8h","0.010000%"
"2025-01-10 01:00:00","SUIUSDC Perpetual","8h","0.010000%"
"2025-01-09 17:00:00","SUIUSDC Perpetual","8h","-0.015171%"
"2025-01-09 09:00:00","SUIUSDC Perpetual","8h","0.010000%"
"2025-01-09 01:00:00","SUIUSDC Perpetual","8h","0.010000%"
"2025-01-08 17:00:00","SUIUSDC Perpetual","8h","0.010000%"
"2025-01-08 09:00:00","SUIUSDC Perpetual","8h","0.010000%"
"2025-01-08 01:00:00","SUIUSDC Perpetual","8h","0.010000%"
"2025-01-07 17:00:00","SUIUSDC Perpetual","8h","0.010000%"
"2025-01-07 09:00:00","SUIUSDC Perpetual","8h","0.010000%"
"2025-01-07 01:00:00","SUIUSDC Perpetual","8h","0.010000%"
"2025-01-06 17:00:00","SUIUSDC Perpetual","8h","-0.002095%"
"2025-01-06 09:00:00","SUIUSDC Perpetual","8h","0.005382%"
"2025-01-06 01:00:00","SUIUSDC Perpetual","8h","0.010000%"
"2025-01-05 17:00:00","SUIUSDC Perpetual","8h","0.010000%"
"2025-01-05 09:00:00","SUIUSDC Perpetual","8h","-0.015850%"
"2025-01-05 01:00:00","SUIUSDC Perpetual","8h","-0.009358%"
"2025-01-04 17:00:00","SUIUSDC Perpetual","8h","0.010000%"
"2025-01-04 09:00:00","SUIUSDC Perpetual","8h","0.010000%"
"2025-01-04 01:00:00","SUIUSDC Perpetual","8h","0.010000%"
"2025-01-03 17:00:00","SUIUSDC Perpetual","8h","0.010000%"
"2025-01-03 09:00:00","SUIUSDC Perpetual","8h","0.010000%"
"2025-01-03 01:00:00","SUIUSDC Perpetual","8h","0.010000%"
"2025-01-02 17:00:00","SUIUSDC Perpetual","8h","0.010000%"
"2025-01-02 09:00:00","SUIUSDC Perpetual","8h","0.010000%"
"2025-01-02 01:00:00","SUIUSDC Perpetual","8h","0.010000%"
"2025-01-01 17:00:00","SUIUSDC Perpetual","8h","0.010000%"
"2025-01-01 09:00:00","SUIUSDC Perpetual","8h","0.009335%"
"2025-01-01 01:00:00","SUIUSDC Perpetual","8h","0.010000%"
"2024-12-31 17:00:00","SUIUSDC Perpetual","8h","0.010000%"
"2024-12-31 09:00:00","SUIUSDC Perpetual","8h","0.010000%"
"2024-12-31 01:00:00","SUIUSDC Perpetual","8h","0.010000%"
"2024-12-30 17:00:00","SUIUSDC Perpetual","8h","0.010000%"
"2024-12-30 09:00:00","SUIUSDC Perpetual","8h","0.010000%"
"2024-12-30 01:00:00","SUIUSDC Perpetual","8h","0.010000%"
"2024-12-29 17:00:00","SUIUSDC Perpetual","8h","0.010000%"
"2024-12-29 09:00:00","SUIUSDC Perpetual","8h","0.010000%"
"2024-12-29 01:00:00","SUIUSDC Perpetual","8h","0.010000%"
"2024-12-28 17:00:00","SUIUSDC Perpetual","8h","-0.011194%"
"2024-12-28 09:00:00","SUIUSDC Perpetual","8h","0.010000%"
"2024-12-28 01:00:00","SUIUSDC Perpetual","8h","-0.000020%"
"2024-12-27 17:00:00","SUIUSDC Perpetual","8h","0.010000%"
"2024-12-27 09:00:00","SUIUSDC Perpetual","8h","0.010000%"
"2024-12-27 01:00:00","SUIUSDC Perpetual","8h","0.010000%"
"2024-12-26 17:00:00","SUIUSDC Perpetual","8h","-0.039909%"
"2024-12-26 09:00:00","SUIUSDC Perpetual","8h","0.010000%"
"2024-12-26 01:00:00","SUIUSDC Perpetual","8h","-0.005119%"
"2024-12-25 17:00:00","SUIUSDC Perpetual","8h","0.010000%"
"2024-12-25 09:00:00","SUIUSDC Perpetual","8h","0.010000%"
"2024-12-25 01:00:00","SUIUSDC Perpetual","8h","0.010000%"
"2024-12-24 17:00:00","SUIUSDC Perpetual","8h","0.010000%"
"2024-12-24 09:00:00","SUIUSDC Perpetual","8h","0.010000%"
"2024-12-24 01:00:00","SUIUSDC Perpetual","8h","0.010000%"
"2024-12-23 17:00:00","SUIUSDC Perpetual","8h","-0.119947%"
"2024-12-23 09:00:00","SUIUSDC Perpetual","8h","0.010000%"
"2024-12-23 01:00:00","SUIUSDC Perpetual","8h","-0.035086%"
"2024-12-22 17:00:00","SUIUSDC Perpetual","8h","-0.072216%"
"2024-12-22 09:00:00","SUIUSDC Perpetual","8h","-0.003502%"
"2024-12-22 01:00:00","SUIUSDC Perpetual","8h","0.001942%"
"2024-12-21 17:00:00","SUIUSDC Perpetual","8h","0.008826%"
"2024-12-21 09:00:00","SUIUSDC Perpetual","8h","0.003604%"
"2024-12-21 01:00:00","SUIUSDC Perpetual","8h","0.010000%"
"2024-12-20 17:00:00","SUIUSDC Perpetual","8h","-0.018424%"
"2024-12-20 09:00:00","SUIUSDC Perpetual","8h","-0.013830%"
"2024-12-20 01:00:00","SUIUSDC Perpetual","8h","0.010000%"
"2024-12-19 17:00:00","SUIUSDC Perpetual","8h","0.010000%"
"2024-12-19 09:00:00","SUIUSDC Perpetual","8h","0.010000%"
"2024-12-19 01:00:00","SUIUSDC Perpetual","8h","0.010000%"
"2024-12-18 17:00:00","SUIUSDC Perpetual","8h","0.006381%"
"2024-12-18 09:00:00","SUIUSDC Perpetual","8h","0.010000%"
"2024-12-18 01:00:00","SUIUSDC Perpetual","8h","0.010000%"
"2024-12-17 17:00:00","SUIUSDC Perpetual","8h","0.010000%"
"2024-12-17 09:00:00","SUIUSDC Perpetual","8h","0.010000%"
"2024-12-17 01:00:00","SUIUSDC Perpetual","8h","0.010000%"
"2024-12-16 17:00:00","SUIUSDC Perpetual","8h","0.010000%"
"2024-12-16 09:00:00","SUIUSDC Perpetual","8h","0.010000%"
"2024-12-16 01:00:00","SUIUSDC Perpetual","8h","0.010000%"
"2024-12-15 17:00:00","SUIUSDC Perpetual","8h","0.010000%"
"2024-12-15 09:00:00","SUIUSDC Perpetual","8h","0.010000%"
"2024-12-15 01:00:00","SUIUSDC Perpetual","8h","0.010000%"
"2024-12-14 17:00:00","SUIUSDC Perpetual","8h","0.010000%"
"2024-12-14 09:00:00","SUIUSDC Perpetual","8h","0.010000%"
"2024-12-14 01:00:00","SUIUSDC Perpetual","8h","0.010000%"
"2024-12-13 17:00:00","SUIUSDC Perpetual","8h","0.010000%"
"2024-12-13 09:00:00","SUIUSDC Perpetual","8h","0.010000%"
"2024-12-13 01:00:00","SUIUSDC Perpetual","8h","0.010000%"
"2024-12-12 17:00:00","SUIUSDC Perpetual","8h","-0.001646%"
"2024-12-12 09:00:00","SUIUSDC Perpetual","8h","0.010000%"
"2024-12-12 01:00:00","SUIUSDC Perpetual","8h","0.010000%"
"2024-12-11 17:00:00","SUIUSDC Perpetual","8h","0.010000%"
"2024-12-11 09:00:00","SUIUSDC Perpetual","8h","0.010000%"
"2024-12-11 01:00:00","SUIUSDC Perpetual","8h","0.010000%"
"2024-12-10 17:00:00","SUIUSDC Perpetual","8h","0.010000%"
"2024-12-10 09:00:00","SUIUSDC Perpetual","8h","0.010000%"
"2024-12-10 01:00:00","SUIUSDC Perpetual","8h","0.010000%"
"2024-12-09 17:00:00","SUIUSDC Perpetual","8h","0.017809%"
"2024-12-09 09:00:00","SUIUSDC Perpetual","8h","0.042311%"
"2024-12-09 01:00:00","SUIUSDC Perpetual","8h","0.019688%"
"2024-12-08 17:00:00","SUIUSDC Perpetual","8h","0.024506%"
"2024-12-08 09:00:00","SUIUSDC Perpetual","8h","0.041635%"
"2024-12-08 01:00:00","SUIUSDC Perpetual","8h","0.039111%"
"2024-12-07 17:00:00","SUIUSDC Perpetual","8h","0.033896%"
"2024-12-07 09:00:00","SUIUSDC Perpetual","8h","0.031520%"
"2024-12-07 01:00:00","SUIUSDC Perpetual","8h","0.018839%"
"2024-12-06 17:00:00","SUIUSDC Perpetual","8h","0.034495%"
"2024-12-06 09:00:00","SUIUSDC Perpetual","8h","0.042579%"
"2024-12-06 01:00:00","SUIUSDC Perpetual","8h","0.020194%"
"2024-12-05 17:00:00","SUIUSDC Perpetual","8h","0.038571%"
"2024-12-05 09:00:00","SUIUSDC Perpetual","8h","0.023928%"
"2024-12-05 01:00:00","SUIUSDC Perpetual","8h","0.026248%"
"2024-12-04 17:00:00","SUIUSDC Perpetual","8h","0.065890%"
"2024-12-04 09:00:00","SUIUSDC Perpetual","8h","0.038061%"
"2024-12-04 01:00:00","SUIUSDC Perpetual","8h","0.010506%"
"2024-12-03 17:00:00","SUIUSDC Perpetual","8h","0.042035%"
"2024-12-03 09:00:00","SUIUSDC Perpetual","8h","0.052209%"
"2024-12-03 01:00:00","SUIUSDC Perpetual","8h","0.042661%"
"2024-12-02 17:00:00","SUIUSDC Perpetual","8h","0.010000%"
"2024-12-02 09:00:00","SUIUSDC Perpetual","8h","0.048985%"
"2024-12-02 01:00:00","SUIUSDC Perpetual","8h","0.031880%"
"2024-12-01 17:00:00","SUIUSDC Perpetual","8h","0.038928%"
"2024-12-01 09:00:00","SUIUSDC Perpetual","8h","0.022296%"
"2024-12-01 01:00:00","SUIUSDC Perpetual","8h","0.021013%"
"2024-11-30 17:00:00","SUIUSDC Perpetual","8h","0.035594%"
"2024-11-30 09:00:00","SUIUSDC Perpetual","8h","0.016779%"
"2024-11-30 01:00:00","SUIUSDC Perpetual","8h","0.024076%"
"2024-11-29 17:00:00","SUIUSDC Perpetual","8h","0.010000%"
"2024-11-29 09:00:00","SUIUSDC Perpetual","8h","0.010000%"
"2024-11-29 01:00:00","SUIUSDC Perpetual","8h","0.010000%"
"2024-11-28 17:00:00","SUIUSDC Perpetual","8h","0.010000%"
"2024-11-28 09:00:00","SUIUSDC Perpetual","8h","0.010000%"
"2024-11-28 01:00:00","SUIUSDC Perpetual","8h","0.010000%"
"2024-11-27 17:00:00","SUIUSDC Perpetual","8h","0.010000%"
"2024-11-27 09:00:00","SUIUSDC Perpetual","8h","0.010000%"
"2024-11-27 01:00:00","SUIUSDC Perpetual","8h","0.010000%"
"2024-11-26 17:00:00","SUIUSDC Perpetual","8h","0.010000%"
"2024-11-26 09:00:00","SUIUSDC Perpetual","8h","0.015417%"
"2024-11-26 01:00:00","SUIUSDC Perpetual","8h","0.010000%"
"2024-11-25 17:00:00","SUIUSDC Perpetual","8h","0.010000%"
"2024-11-25 09:00:00","SUIUSDC Perpetual","8h","0.010000%"
"2024-11-25 01:00:00","SUIUSDC Perpetual","8h","0.010000%"
"2024-11-24 17:00:00","SUIUSDC Perpetual","8h","0.039257%"
"2024-11-24 09:00:00","SUIUSDC Perpetual","8h","0.025588%"
"2024-11-24 01:00:00","SUIUSDC Perpetual","8h","0.037040%"
"2024-11-23 17:00:00","SUIUSDC Perpetual","8h","0.048021%"
"2024-11-23 09:00:00","SUIUSDC Perpetual","8h","0.044956%"
"2024-11-23 01:00:00","SUIUSDC Perpetual","8h","0.016377%"
"2024-11-22 17:00:00","SUIUSDC Perpetual","8h","0.010000%"
"2024-11-22 09:00:00","SUIUSDC Perpetual","8h","0.010000%"
"2024-11-22 01:00:00","SUIUSDC Perpetual","8h","0.010000%"
"2024-11-21 17:00:00","SUIUSDC Perpetual","8h","0.010000%"
"2024-11-21 09:00:00","SUIUSDC Perpetual","8h","0.010000%"
"2024-11-21 01:00:00","SUIUSDC Perpetual","8h","0.010000%"
"2024-11-20 17:00:00","SUIUSDC Perpetual","8h","0.010000%"
"2024-11-20 09:00:00","SUIUSDC Perpetual","8h","0.010000%"
"2024-11-20 01:00:00","SUIUSDC Perpetual","8h","0.013842%"
"2024-11-19 17:00:00","SUIUSDC Perpetual","8h","0.045155%"
"2024-11-19 09:00:00","SUIUSDC Perpetual","8h","0.020846%"
"2024-11-19 01:00:00","SUIUSDC Perpetual","8h","0.027892%"
"2024-11-18 17:00:00","SUIUSDC Perpetual","8h","0.049755%"
"2024-11-18 09:00:00","SUIUSDC Perpetual","8h","0.010000%"
"2024-11-18 01:00:00","SUIUSDC Perpetual","8h","0.022643%"
"2024-11-17 17:00:00","SUIUSDC Perpetual","8h","0.017610%"
"2024-11-17 09:00:00","SUIUSDC Perpetual","8h","0.010000%"
"2024-11-17 01:00:00","SUIUSDC Perpetual","8h","0.010000%"
"2024-11-16 17:00:00","SUIUSDC Perpetual","8h","0.010000%"
"2024-11-16 09:00:00","SUIUSDC Perpetual","8h","0.010000%"
"2024-11-16 01:00:00","SUIUSDC Perpetual","8h","0.010000%"
"2024-11-15 17:00:00","SUIUSDC Perpetual","8h","0.010000%"
"2024-11-15 09:00:00","SUIUSDC Perpetual","8h","0.010000%"
"2024-11-15 01:00:00","SUIUSDC Perpetual","8h","0.010000%"
"2024-11-14 17:00:00","SUIUSDC Perpetual","8h","0.010000%"
"2024-11-14 09:00:00","SUIUSDC Perpetual","8h","0.017080%"
"2024-11-14 01:00:00","SUIUSDC Perpetual","8h","0.010000%"
"2024-11-13 17:00:00","SUIUSDC Perpetual","8h","0.010000%"
"2024-11-13 09:00:00","SUIUSDC Perpetual","8h","0.010000%"
"2024-11-13 01:00:00","SUIUSDC Perpetual","8h","0.026031%"
"2024-11-12 17:00:00","SUIUSDC Perpetual","8h","0.038924%"
"2024-11-12 09:00:00","SUIUSDC Perpetual","8h","0.010000%"
"2024-11-12 01:00:00","SUIUSDC Perpetual","8h","0.010000%"
"2024-11-11 17:00:00","SUIUSDC Perpetual","8h","0.010000%"
"2024-11-11 09:00:00","SUIUSDC Perpetual","8h","0.011760%"
"2024-11-11 01:00:00","SUIUSDC Perpetual","8h","0.010000%"
"2024-11-10 17:00:00","SUIUSDC Perpetual","8h","0.010000%"
"2024-11-10 09:00:00","SUIUSDC Perpetual","8h","0.010000%"
"2024-11-10 01:00:00","SUIUSDC Perpetual","8h","0.010000%"
"2024-11-09 17:00:00","SUIUSDC Perpetual","8h","0.010000%"
"2024-11-09 09:00:00","SUIUSDC Perpetual","8h","0.010000%"
"2024-11-09 01:00:00","SUIUSDC Perpetual","8h","0.010000%"
"2024-11-08 17:00:00","SUIUSDC Perpetual","8h","0.010000%"
"2024-11-08 09:00:00","SUIUSDC Perpetual","8h","0.010000%"
"2024-11-08 01:00:00","SUIUSDC Perpetual","8h","0.010000%"
"2024-11-07 17:00:00","SUIUSDC Perpetual","8h","0.010000%"
"2024-11-07 09:00:00","SUIUSDC Perpetual","8h","0.010000%"
"2024-11-07 01:00:00","SUIUSDC Perpetual","8h","0.010000%"
"2024-11-06 17:00:00","SUIUSDC Perpetual","8h","0.010000%"
"2024-11-06 09:00:00","SUIUSDC Perpetual","8h","-0.004739%"
"2024-11-06 01:00:00","SUIUSDC Perpetual","8h","0.010000%"
"2024-11-05 17:00:00","SUIUSDC Perpetual","8h","0.010000%"
"2024-11-05 09:00:00","SUIUSDC Perpetual","8h","-0.023395%"
"2024-11-05 01:00:00","SUIUSDC Perpetual","8h","0.010000%"
"2024-11-04 17:00:00","SUIUSDC Perpetual","8h","-0.005845%"
"2024-11-04 09:00:00","SUIUSDC Perpetual","8h","0.010000%"
"2024-11-04 01:00:00","SUIUSDC Perpetual","8h","0.010000%"
"2024-11-03 17:00:00","SUIUSDC Perpetual","8h","-0.013624%"
"2024-11-03 09:00:00","SUIUSDC Perpetual","8h","0.010000%"
"2024-11-03 01:00:00","SUIUSDC Perpetual","8h","-0.002682%"
"2024-11-02 17:00:00","SUIUSDC Perpetual","8h","-0.019566%"
"2024-11-02 09:00:00","SUIUSDC Perpetual","8h","0.005722%"
"2024-11-02 01:00:00","SUIUSDC Perpetual","8h","0.010000%"
"2024-11-01 17:00:00","SUIUSDC Perpetual","8h","-0.033257%"
"2024-11-01 09:00:00","SUIUSDC Perpetual","8h","0.010000%"
"2024-11-01 01:00:00","SUIUSDC Perpetual","8h","0.003196%"
"2024-10-31 17:00:00","SUIUSDC Perpetual","8h","0.010000%"
"2024-10-31 09:00:00","SUIUSDC Perpetual","8h","0.010000%"
"2024-10-31 01:00:00","SUIUSDC Perpetual","8h","0.010000%"
"2024-10-30 17:00:00","SUIUSDC Perpetual","8h","-0.013532%"
"2024-10-30 09:00:00","SUIUSDC Perpetual","8h","-0.012484%"
"2024-10-30 01:00:00","SUIUSDC Perpetual","8h","0.004166%"
"2024-10-29 17:00:00","SUIUSDC Perpetual","8h","0.010000%"
"2024-10-29 09:00:00","SUIUSDC Perpetual","8h","0.010000%"
"2024-10-29 01:00:00","SUIUSDC Perpetual","8h","0.010000%"
"2024-10-28 17:00:00","SUIUSDC Perpetual","8h","0.010000%"
"2024-10-28 09:00:00","SUIUSDC Perpetual","8h","0.010000%"
"2024-10-28 01:00:00","SUIUSDC Perpetual","8h","0.010000%"
"2024-10-27 17:00:00","SUIUSDC Perpetual","8h","0.010000%"
"2024-10-27 09:00:00","SUIUSDC Perpetual","8h","0.010000%"
"2024-10-27 01:00:00","SUIUSDC Perpetual","8h","0.010000%"
"2024-10-26 17:00:00","SUIUSDC Perpetual","8h","0.010000%"
"2024-10-26 09:00:00","SUIUSDC Perpetual","8h","0.017223%"
"2024-10-26 01:00:00","SUIUSDC Perpetual","8h","0.010000%"
"2024-10-25 17:00:00","SUIUSDC Perpetual","8h","0.010000%"
"2024-10-25 09:00:00","SUIUSDC Perpetual","8h","0.010000%"
"2024-10-25 01:00:00","SUIUSDC Perpetual","8h","0.010000%"
"2024-10-24 17:00:00","SUIUSDC Perpetual","8h","0.010000%"
"2024-10-24 09:00:00","SUIUSDC Perpetual","8h","0.010000%"
"2024-10-24 01:00:00","SUIUSDC Perpetual","8h","0.010000%"
"2024-10-23 17:00:00","SUIUSDC Perpetual","8h","0.010000%"
"2024-10-23 09:00:00","SUIUSDC Perpetual","8h","0.010000%"
"2024-10-23 01:00:00","SUIUSDC Perpetual","8h","0.010000%"
"2024-10-22 17:00:00","SUIUSDC Perpetual","8h","0.010000%"
"2024-10-22 09:00:00","SUIUSDC Perpetual","8h","0.010000%"
"2024-10-22 01:00:00","SUIUSDC Perpetual","8h","0.010000%"
"2024-10-21 17:00:00","SUIUSDC Perpetual","8h","0.000040%"
"2024-10-21 09:00:00","SUIUSDC Perpetual","8h","0.010000%"
"2024-10-21 01:00:00","SUIUSDC Perpetual","8h","0.010000%"
"2024-10-20 17:00:00","SUIUSDC Perpetual","8h","0.010000%"
"2024-10-20 09:00:00","SUIUSDC Perpetual","8h","0.010000%"
"2024-10-20 01:00:00","SUIUSDC Perpetual","8h","0.010000%"
"2024-10-19 17:00:00","SUIUSDC Perpetual","8h","0.010000%"
"2024-10-19 09:00:00","SUIUSDC Perpetual","8h","-0.003818%"
"2024-10-19 01:00:00","SUIUSDC Perpetual","8h","0.010000%"
"2024-10-18 17:00:00","SUIUSDC Perpetual","8h","0.010000%"
"2024-10-18 09:00:00","SUIUSDC Perpetual","8h","0.010000%"
"2024-10-18 01:00:00","SUIUSDC Perpetual","8h","0.010000%"
"2024-10-17 17:00:00","SUIUSDC Perpetual","8h","-0.006596%"
"2024-10-17 09:00:00","SUIUSDC Perpetual","8h","0.010000%"
"2024-10-17 01:00:00","SUIUSDC Perpetual","8h","0.010000%"
"2024-10-16 17:00:00","SUIUSDC Perpetual","8h","0.010000%"
"2024-10-16 09:00:00","SUIUSDC Perpetual","8h","0.010000%"
"2024-10-16 01:00:00","SUIUSDC Perpetual","8h","0.010000%"
"2024-10-15 17:00:00","SUIUSDC Perpetual","8h","0.010000%"
"2024-10-15 09:00:00","SUIUSDC Perpetual","8h","0.010000%"
"2024-10-15 01:00:00","SUIUSDC Perpetual","8h","0.010000%"
"2024-10-14 17:00:00","SUIUSDC Perpetual","8h","0.010000%"
"2024-10-14 09:00:00","SUIUSDC Perpetual","8h","0.009708%"
"2024-10-14 01:00:00","SUIUSDC Perpetual","8h","0.010000%"
"2024-10-13 17:00:00","SUIUSDC Perpetual","8h","0.007305%"
"2024-10-13 09:00:00","SUIUSDC Perpetual","8h","-0.008521%"
"2024-10-13 01:00:00","SUIUSDC Perpetual","8h","-0.001267%"
"2024-10-12 17:00:00","SUIUSDC Perpetual","8h","0.010000%"
"2024-10-12 09:00:00","SUIUSDC Perpetual","8h","-0.007386%"
"2024-10-12 01:00:00","SUIUSDC Perpetual","8h","-0.021900%"
"2024-10-11 17:00:00","SUIUSDC Perpetual","8h","0.010000%"
"2024-10-11 09:00:00","SUIUSDC Perpetual","8h","0.002255%"
"2024-10-11 01:00:00","SUIUSDC Perpetual","8h","0.010000%"
"2024-10-10 17:00:00","SUIUSDC Perpetual","8h","0.010000%"
"2024-10-10 09:00:00","SUIUSDC Perpetual","8h","0.010000%"
"2024-10-10 01:00:00","SUIUSDC Perpetual","8h","0.010000%"
"2024-10-09 17:00:00","SUIUSDC Perpetual","8h","0.010000%"
"2024-10-09 09:00:00","SUIUSDC Perpetual","8h","0.007831%"
"2024-10-09 01:00:00","SUIUSDC Perpetual","8h","0.010000%"
"2024-10-08 17:00:00","SUIUSDC Perpetual","8h","-0.055400%"
"2024-10-08 09:00:00","SUIUSDC Perpetual","8h","0.010000%"
"2024-10-08 01:00:00","SUIUSDC Perpetual","8h","-0.006510%"
"2024-10-07 17:00:00","SUIUSDC Perpetual","8h","-0.006287%"
"2024-10-07 09:00:00","SUIUSDC Perpetual","8h","-0.028156%"
"2024-10-07 01:00:00","SUIUSDC Perpetual","8h","-0.003286%"
"2024-10-06 17:00:00","SUIUSDC Perpetual","8h","-0.007224%"
"2024-10-06 09:00:00","SUIUSDC Perpetual","8h","-0.002504%"
"2024-10-06 01:00:00","SUIUSDC Perpetual","8h","-0.009764%"
"2024-10-05 17:00:00","SUIUSDC Perpetual","8h","-0.026181%"
"2024-10-05 09:00:00","SUIUSDC Perpetual","8h","-0.041455%"
"2024-10-05 01:00:00","SUIUSDC Perpetual","8h","-0.040239%"
"2024-10-04 17:00:00","SUIUSDC Perpetual","8h","-0.044762%"
"2024-10-04 09:00:00","SUIUSDC Perpetual","8h","-0.080405%"
"2024-10-04 01:00:00","SUIUSDC Perpetual","8h","-0.022414%"
"2024-10-03 17:00:00","SUIUSDC Perpetual","8h","-0.007267%"
"2024-10-03 09:00:00","SUIUSDC Perpetual","8h","-0.023495%"
"2024-10-03 01:00:00","SUIUSDC Perpetual","8h","-0.007008%"
"2024-10-02 17:00:00","SUIUSDC Perpetual","8h","-0.005689%"
"2024-10-02 09:00:00","SUIUSDC Perpetual","8h","-0.011130%"
"2024-10-02 01:00:00","SUIUSDC Perpetual","8h","0.010000%"
"2024-10-01 17:00:00","SUIUSDC Perpetual","8h","0.006962%"
"2024-10-01 09:00:00","SUIUSDC Perpetual","8h","-0.007829%"
"2024-10-01 01:00:00","SUIUSDC Perpetual","8h","0.010000%"
"2024-09-30 17:00:00","SUIUSDC Perpetual","8h","0.010000%"
"2024-09-30 09:00:00","SUIUSDC Perpetual","8h","0.007137%"
"2024-09-30 01:00:00","SUIUSDC Perpetual","8h","0.010000%"
"2024-09-29 17:00:00","SUIUSDC Perpetual","8h","0.010000%"
"2024-09-29 09:00:00","SUIUSDC Perpetual","8h","0.010000%"
"2024-09-29 01:00:00","SUIUSDC Perpetual","8h","0.010000%"
"2024-09-28 17:00:00","SUIUSDC Perpetual","8h","0.010000%"
"2024-09-28 09:00:00","SUIUSDC Perpetual","8h","0.010000%"
"2024-09-28 01:00:00","SUIUSDC Perpetual","8h","0.010000%"
"2024-09-27 17:00:00","SUIUSDC Perpetual","8h","0.010000%"
"2024-09-27 09:00:00","SUIUSDC Perpetual","8h","0.010000%"
"2024-09-27 01:00:00","SUIUSDC Perpetual","8h","0.010000%"
"2024-09-26 17:00:00","SUIUSDC Perpetual","8h","0.010000%"
"2024-09-26 09:00:00","SUIUSDC Perpetual","8h","0.010000%"
"2024-09-26 01:00:00","SUIUSDC Perpetual","8h","0.010000%"
"2024-09-25 17:00:00","SUIUSDC Perpetual","8h","0.010000%"
"2024-09-25 09:00:00","SUIUSDC Perpetual","8h","0.010000%"
"2024-09-25 01:00:00","SUIUSDC Perpetual","8h","0.005312%"
"2024-09-24 17:00:00","SUIUSDC Perpetual","8h","0.010000%"
"2024-09-24 09:00:00","SUIUSDC Perpetual","8h","0.000576%"
"2024-09-24 01:00:00","SUIUSDC Perpetual","8h","0.010000%"
"2024-09-23 17:00:00","SUIUSDC Perpetual","8h","0.000438%"
"2024-09-23 09:00:00","SUIUSDC Perpetual","8h","0.010000%"
"2024-09-23 01:00:00","SUIUSDC Perpetual","8h","0.010000%"
"2024-09-22 17:00:00","SUIUSDC Perpetual","8h","0.010000%"
"2024-09-22 09:00:00","SUIUSDC Perpetual","8h","0.010000%"
"2024-09-22 01:00:00","SUIUSDC Perpetual","8h","0.010000%"
"2024-09-21 17:00:00","SUIUSDC Perpetual","8h","0.010000%"
"2024-09-21 09:00:00","SUIUSDC Perpetual","8h","0.002779%"
"2024-09-21 01:00:00","SUIUSDC Perpetual","8h","-0.000167%"
"2024-09-20 17:00:00","SUIUSDC Perpetual","8h","0.010000%"
"2024-09-20 09:00:00","SUIUSDC Perpetual","8h","0.010000%"
"2024-09-20 01:00:00","SUIUSDC Perpetual","8h","0.010000%"
"2024-09-19 17:00:00","SUIUSDC Perpetual","8h","0.010000%"
"2024-09-19 09:00:00","SUIUSDC Perpetual","8h","0.004122%"
"2024-09-19 01:00:00","SUIUSDC Perpetual","8h","-0.012235%"
"2024-09-18 17:00:00","SUIUSDC Perpetual","8h","0.007232%"
"2024-09-18 09:00:00","SUIUSDC Perpetual","8h","-0.003385%"
"2024-09-18 01:00:00","SUIUSDC Perpetual","8h","-0.005181%"
"2024-09-17 17:00:00","SUIUSDC Perpetual","8h","0.009270%"
"2024-09-17 09:00:00","SUIUSDC Perpetual","8h","0.010000%"
"2024-09-17 01:00:00","SUIUSDC Perpetual","8h","-0.021857%"
"2024-09-16 17:00:00","SUIUSDC Perpetual","8h","-0.020789%"
"2024-09-16 09:00:00","SUIUSDC Perpetual","8h","-0.010580%"
"2024-09-16 01:00:00","SUIUSDC Perpetual","8h","0.003224%"
"2024-09-15 17:00:00","SUIUSDC Perpetual","8h","-0.017801%"
"2024-09-15 09:00:00","SUIUSDC Perpetual","8h","0.010000%"
"2024-09-15 01:00:00","SUIUSDC Perpetual","8h","0.010000%"
"2024-09-14 17:00:00","SUIUSDC Perpetual","8h","0.001874%"
"2024-09-14 09:00:00","SUIUSDC Perpetual","8h","0.010000%"
"2024-09-14 01:00:00","SUIUSDC Perpetual","8h","-0.000557%"
"2024-09-13 17:00:00","SUIUSDC Perpetual","8h","0.004572%"
"2024-09-13 09:00:00","SUIUSDC Perpetual","8h","-0.004370%"
"2024-09-13 01:00:00","SUIUSDC Perpetual","8h","-0.018676%"
"2024-09-12 17:00:00","SUIUSDC Perpetual","8h","0.010000%"
"2024-09-12 09:00:00","SUIUSDC Perpetual","8h","0.010000%"
"2024-09-12 01:00:00","SUIUSDC Perpetual","8h","-0.007143%"
"2024-09-11 17:00:00","SUIUSDC Perpetual","8h","0.010000%"
"2024-09-11 09:00:00","SUIUSDC Perpetual","8h","0.010000%"
"2024-09-11 01:00:00","SUIUSDC Perpetual","8h","-0.006498%"
"2024-09-10 17:00:00","SUIUSDC Perpetual","8h","0.004879%"
"2024-09-10 09:00:00","SUIUSDC Perpetual","8h","0.010000%"
"2024-09-10 01:00:00","SUIUSDC Perpetual","8h","-0.004833%"
"2024-09-09 17:00:00","SUIUSDC Perpetual","8h","0.000023%"
"2024-09-09 09:00:00","SUIUSDC Perpetual","8h","-0.010609%"
"2024-09-09 01:00:00","SUIUSDC Perpetual","8h","-0.009717%"
"2024-09-08 17:00:00","SUIUSDC Perpetual","8h","-0.031168%"
"2024-09-08 09:00:00","SUIUSDC Perpetual","8h","-0.003093%"
"2024-09-08 01:00:00","SUIUSDC Perpetual","8h","0.007512%"
"2024-09-07 17:00:00","SUIUSDC Perpetual","8h","-0.008076%"
"2024-09-07 09:00:00","SUIUSDC Perpetual","8h","0.010000%"
"2024-09-07 01:00:00","SUIUSDC Perpetual","8h","0.005835%"
"2024-09-06 17:00:00","SUIUSDC Perpetual","8h","0.019710%"
"2024-09-06 09:00:00","SUIUSDC Perpetual","8h","0.010000%"
"2024-09-06 01:00:00","SUIUSDC Perpetual","8h","0.010000%"
"2024-09-05 17:00:00","SUIUSDC Perpetual","8h","0.010000%"
"2024-09-05 09:00:00","SUIUSDC Perpetual","8h","0.010000%"
"2024-09-05 01:00:00","SUIUSDC Perpetual","8h","0.010000%"
"2024-09-04 17:00:00","SUIUSDC Perpetual","8h","-0.028932%"
"2024-09-04 09:00:00","SUIUSDC Perpetual","8h","0.010000%"
"2024-09-04 01:00:00","SUIUSDC Perpetual","8h","-0.080922%"
"2024-09-03 17:00:00","SUIUSDC Perpetual","8h","0.009909%"
"2024-09-03 09:00:00","SUIUSDC Perpetual","8h","0.010000%"
"2024-09-03 01:00:00","SUIUSDC Perpetual","8h","0.010000%"
"2024-09-02 17:00:00","SUIUSDC Perpetual","8h","-0.025219%"
"2024-09-02 09:00:00","SUIUSDC Perpetual","8h","-0.016786%"
"2024-09-02 01:00:00","SUIUSDC Perpetual","8h","0.010000%"
"2024-09-01 17:00:00","SUIUSDC Perpetual","8h","-0.006685%"
"2024-09-01 09:00:00","SUIUSDC Perpetual","8h","-0.007598%"
"2024-09-01 01:00:00","SUIUSDC Perpetual","8h","-0.001341%"
"2024-08-31 17:00:00","SUIUSDC Perpetual","8h","-0.053918%"
"2024-08-31 09:00:00","SUIUSDC Perpetual","8h","0.010000%"
"2024-08-31 01:00:00","SUIUSDC Perpetual","8h","-0.012616%"
"2024-08-30 17:00:00","SUIUSDC Perpetual","8h","0.010000%"
"2024-08-30 09:00:00","SUIUSDC Perpetual","8h","0.007156%"
"2024-08-30 01:00:00","SUIUSDC Perpetual","8h","0.010000%"
"2024-08-29 17:00:00","SUIUSDC Perpetual","8h","-0.003729%"
"2024-08-29 09:00:00","SUIUSDC Perpetual","8h","0.004687%"
"2024-08-29 01:00:00","SUIUSDC Perpetual","8h","-0.052955%"
"2024-08-28 17:00:00","SUIUSDC Perpetual","8h","-0.006675%"
"2024-08-28 09:00:00","SUIUSDC Perpetual","8h","0.010000%"
"2024-08-28 01:00:00","SUIUSDC Perpetual","8h","-0.021380%"
"2024-08-27 17:00:00","SUIUSDC Perpetual","8h","-0.024883%"
"2024-08-27 09:00:00","SUIUSDC Perpetual","8h","-0.015859%"
"2024-08-27 01:00:00","SUIUSDC Perpetual","8h","-0.015284%"
"2024-08-26 17:00:00","SUIUSDC Perpetual","8h","0.007087%"
"2024-08-26 09:00:00","SUIUSDC Perpetual","8h","0.010000%"
"2024-08-26 01:00:00","SUIUSDC Perpetual","8h","0.010000%"
"2024-08-25 17:00:00","SUIUSDC Perpetual","8h","0.003800%"
"2024-08-25 09:00:00","SUIUSDC Perpetual","8h","0.010000%"
"2024-08-25 01:00:00","SUIUSDC Perpetual","8h","0.010000%"
"2024-08-24 17:00:00","SUIUSDC Perpetual","8h","0.010000%"
"2024-08-24 09:00:00","SUIUSDC Perpetual","8h","0.010000%"
"2024-08-24 01:00:00","SUIUSDC Perpetual","8h","0.010000%"
"2024-08-23 17:00:00","SUIUSDC Perpetual","8h","0.010000%"
"2024-08-23 09:00:00","SUIUSDC Perpetual","8h","0.010000%"
"2024-08-23 01:00:00","SUIUSDC Perpetual","8h","-0.018414%"
"2024-08-22 17:00:00","SUIUSDC Perpetual","8h","0.008658%"
"2024-08-22 09:00:00","SUIUSDC Perpetual","8h","0.010000%"
"2024-08-22 01:00:00","SUIUSDC Perpetual","8h","-0.002343%"
"2024-08-21 17:00:00","SUIUSDC Perpetual","8h","0.010000%"
"2024-08-21 09:00:00","SUIUSDC Perpetual","8h","0.002600%"
"2024-08-21 01:00:00","SUIUSDC Perpetual","8h","-0.002811%"
"2024-08-20 17:00:00","SUIUSDC Perpetual","8h","0.006585%"
"2024-08-20 09:00:00","SUIUSDC Perpetual","8h","0.010000%"
"2024-08-20 01:00:00","SUIUSDC Perpetual","8h","0.010000%"
"2024-08-19 17:00:00","SUIUSDC Perpetual","8h","0.003330%"
"2024-08-19 09:00:00","SUIUSDC Perpetual","8h","0.010000%"
"2024-08-19 01:00:00","SUIUSDC Perpetual","8h","0.008192%"
"2024-08-18 17:00:00","SUIUSDC Perpetual","8h","0.010000%"
"2024-08-18 09:00:00","SUIUSDC Perpetual","8h","0.010000%"
"2024-08-18 01:00:00","SUIUSDC Perpetual","8h","0.005919%"
"2024-08-17 17:00:00","SUIUSDC Perpetual","8h","0.010000%"
"2024-08-17 09:00:00","SUIUSDC Perpetual","8h","0.001062%"
"2024-08-17 01:00:00","SUIUSDC Perpetual","8h","0.005937%"
"2024-08-16 17:00:00","SUIUSDC Perpetual","8h","0.010000%"
"2024-08-16 09:00:00","SUIUSDC Perpetual","8h","0.010000%"
"2024-08-16 01:00:00","SUIUSDC Perpetual","8h","-0.045471%"
"2024-08-15 17:00:00","SUIUSDC Perpetual","8h","-0.036223%"
"2024-08-15 09:00:00","SUIUSDC Perpetual","8h","0.010000%"
"2024-08-15 01:00:00","SUIUSDC Perpetual","8h","0.010000%"
"2024-08-14 17:00:00","SUIUSDC Perpetual","8h","0.008368%"
"2024-08-14 09:00:00","SUIUSDC Perpetual","8h","0.005793%"
"2024-08-14 01:00:00","SUIUSDC Perpetual","8h","0.004864%"
"2024-08-13 17:00:00","SUIUSDC Perpetual","8h","-0.003542%"
"2024-08-13 09:00:00","SUIUSDC Perpetual","8h","0.010000%"
"2024-08-13 01:00:00","SUIUSDC Perpetual","8h","-0.035899%"
"2024-08-12 17:00:00","SUIUSDC Perpetual","8h","-0.032621%"
"2024-08-12 09:00:00","SUIUSDC Perpetual","8h","-0.015479%"
"2024-08-12 01:00:00","SUIUSDC Perpetual","8h","-0.038398%"
"2024-08-11 17:00:00","SUIUSDC Perpetual","8h","0.005435%"
"2024-08-11 09:00:00","SUIUSDC Perpetual","8h","-0.002360%"
"2024-08-11 01:00:00","SUIUSDC Perpetual","8h","-0.044182%"
"2024-08-10 17:00:00","SUIUSDC Perpetual","8h","0.005787%"
"2024-08-10 09:00:00","SUIUSDC Perpetual","8h","-0.002643%"
"2024-08-10 01:00:00","SUIUSDC Perpetual","8h","0.003228%"
"2024-08-09 17:00:00","SUIUSDC Perpetual","8h","0.010000%"
"2024-08-09 09:00:00","SUIUSDC Perpetual","8h","0.010000%"
"2024-08-09 01:00:00","SUIUSDC Perpetual","8h","0.000306%"
"2024-08-08 17:00:00","SUIUSDC Perpetual","8h","-0.047789%"
"2024-08-08 09:00:00","SUIUSDC Perpetual","8h","-0.056329%"
"2024-08-08 01:00:00","SUIUSDC Perpetual","8h","-0.036755%"
"2024-08-07 17:00:00","SUIUSDC Perpetual","8h","-0.017437%"
"2024-08-07 09:00:00","SUIUSDC Perpetual","8h","-0.028740%"
"2024-08-07 01:00:00","SUIUSDC Perpetual","8h","-0.014181%"
"2024-08-06 17:00:00","SUIUSDC Perpetual","8h","0.010000%"
"2024-08-06 09:00:00","SUIUSDC Perpetual","8h","-0.002044%"
"2024-08-06 01:00:00","SUIUSDC Perpetual","8h","0.010000%"
"2024-08-05 17:00:00","SUIUSDC Perpetual","8h","0.010000%"
"2024-08-05 09:00:00","SUIUSDC Perpetual","8h","-0.050284%"
"2024-08-05 01:00:00","SUIUSDC Perpetual","8h","0.010000%"
"2024-08-04 17:00:00","SUIUSDC Perpetual","8h","0.010000%"
"2024-08-04 09:00:00","SUIUSDC Perpetual","8h","0.010000%"
"2024-08-04 01:00:00","SUIUSDC Perpetual","8h","0.007901%"
"2024-08-03 17:00:00","SUIUSDC Perpetual","8h","0.010000%"
"2024-08-03 09:00:00","SUIUSDC Perpetual","8h","-0.017087%"
"2024-08-03 01:00:00","SUIUSDC Perpetual","8h","0.010000%"
"2024-08-02 17:00:00","SUIUSDC Perpetual","8h","0.010000%"
"2024-08-02 09:00:00","SUIUSDC Perpetual","8h","0.010000%"
"2024-08-02 01:00:00","SUIUSDC Perpetual","8h","0.010000%"
"2024-08-01 17:00:00","SUIUSDC Perpetual","8h","0.010000%"
"2024-08-01 09:00:00","SUIUSDC Perpetual","8h","-0.017358%"
"2024-08-01 01:00:00","SUIUSDC Perpetual","8h","0.010000%"
"2024-07-31 17:00:00","SUIUSDC Perpetual","8h","0.010000%"
"2024-07-31 09:00:00","SUIUSDC Perpetual","8h","0.010000%"
"2024-07-31 01:00:00","SUIUSDC Perpetual","8h","0.010000%"
"2024-07-30 17:00:00","SUIUSDC Perpetual","8h","0.010000%"
"2024-07-30 09:00:00","SUIUSDC Perpetual","8h","0.010000%"
"2024-07-30 01:00:00","SUIUSDC Perpetual","8h","-0.011741%"
"2024-07-29 17:00:00","SUIUSDC Perpetual","8h","0.010000%"
"2024-07-29 09:00:00","SUIUSDC Perpetual","8h","0.010000%"
"2024-07-29 01:00:00","SUIUSDC Perpetual","8h","0.002904%"
"2024-07-28 17:00:00","SUIUSDC Perpetual","8h","-0.099539%"
"2024-07-28 09:00:00","SUIUSDC Perpetual","8h","0.010000%"
"2024-07-28 01:00:00","SUIUSDC Perpetual","8h","0.010000%"
"2024-07-27 17:00:00","SUIUSDC Perpetual","8h","0.010000%"
"2024-07-27 09:00:00","SUIUSDC Perpetual","8h","0.010000%"
"2024-07-27 01:00:00","SUIUSDC Perpetual","8h","0.010000%"
"2024-07-26 17:00:00","SUIUSDC Perpetual","8h","0.010000%"
"2024-07-26 09:00:00","SUIUSDC Perpetual","8h","0.027389%"
"2024-07-26 01:00:00","SUIUSDC Perpetual","8h","0.006027%"
"2024-07-25 17:00:00","SUIUSDC Perpetual","8h","0.010000%"
"2024-07-25 09:00:00","SUIUSDC Perpetual","8h","0.010000%"
"2024-07-25 01:00:00","SUIUSDC Perpetual","8h","0.010000%"
"2024-07-24 17:00:00","SUIUSDC Perpetual","8h","0.010000%"
"2024-07-24 09:00:00","SUIUSDC Perpetual","8h","0.010000%"
"2024-07-24 01:00:00","SUIUSDC Perpetual","8h","-0.027927%"
"2024-07-23 17:00:00","SUIUSDC Perpetual","8h","-0.022353%"
"2024-07-23 09:00:00","SUIUSDC Perpetual","8h","-0.014686%"
"2024-07-23 01:00:00","SUIUSDC Perpetual","8h","0.010000%"
"2024-07-22 17:00:00","SUIUSDC Perpetual","8h","0.010000%"
"2024-07-22 09:00:00","SUIUSDC Perpetual","8h","0.010000%"
"2024-07-22 01:00:00","SUIUSDC Perpetual","8h","0.010000%"
"2024-07-21 17:00:00","SUIUSDC Perpetual","8h","0.010000%"
"2024-07-21 09:00:00","SUIUSDC Perpetual","8h","0.010000%"
"2024-07-21 01:00:00","SUIUSDC Perpetual","8h","0.010000%"
"2024-07-20 17:00:00","SUIUSDC Perpetual","8h","0.010000%"
"2024-07-20 09:00:00","SUIUSDC Perpetual","8h","0.010000%"
"2024-07-20 01:00:00","SUIUSDC Perpetual","8h","0.010000%"
"2024-07-19 17:00:00","SUIUSDC Perpetual","8h","0.010000%"
"2024-07-19 09:00:00","SUIUSDC Perpetual","8h","0.010000%"
"2024-07-19 01:00:00","SUIUSDC Perpetual","8h","0.010000%"
"2024-07-18 17:00:00","SUIUSDC Perpetual","8h","0.010000%"
"2024-07-18 09:00:00","SUIUSDC Perpetual","8h","0.010000%"
"2024-07-18 01:00:00","SUIUSDC Perpetual","8h","0.010000%"
"2024-07-17 17:00:00","SUIUSDC Perpetual","8h","0.008163%"
"2024-07-17 09:00:00","SUIUSDC Perpetual","8h","0.010000%"
"2024-07-17 01:00:00","SUIUSDC Perpetual","8h","0.010000%"
"2024-07-16 17:00:00","SUIUSDC Perpetual","8h","0.010000%"
"2024-07-16 09:00:00","SUIUSDC Perpetual","8h","0.004301%"
"2024-07-16 01:00:00","SUIUSDC Perpetual","8h","-0.002784%"
"2024-07-15 17:00:00","SUIUSDC Perpetual","8h","-0.014202%"
"2024-07-15 09:00:00","SUIUSDC Perpetual","8h","0.009240%"
"2024-07-15 01:00:00","SUIUSDC Perpetual","8h","0.004528%"
"2024-07-14 17:00:00","SUIUSDC Perpetual","8h","0.008631%"
"2024-07-14 09:00:00","SUIUSDC Perpetual","8h","-0.005451%"
"2024-07-14 01:00:00","SUIUSDC Perpetual","8h","-0.003432%"
"2024-07-13 17:00:00","SUIUSDC Perpetual","8h","-0.002792%"
"2024-07-13 09:00:00","SUIUSDC Perpetual","8h","0.002125%"
"2024-07-13 01:00:00","SUIUSDC Perpetual","8h","0.003897%"
"2024-07-12 17:00:00","SUIUSDC Perpetual","8h","0.001756%"
"2024-07-12 09:00:00","SUIUSDC Perpetual","8h","0.000826%"
"2024-07-12 01:00:00","SUIUSDC Perpetual","8h","0.006724%"
"2024-07-11 17:00:00","SUIUSDC Perpetual","8h","0.005187%"
"2024-07-11 09:00:00","SUIUSDC Perpetual","8h","0.010000%"
"2024-07-11 01:00:00","SUIUSDC Perpetual","8h","0.010000%"
"2024-07-10 17:00:00","SUIUSDC Perpetual","8h","0.010000%"
"2024-07-10 09:00:00","SUIUSDC Perpetual","8h","0.010000%"
"2024-07-10 01:00:00","SUIUSDC Perpetual","8h","0.010000%"
"2024-07-09 17:00:00","SUIUSDC Perpetual","8h","0.010000%"
"2024-07-09 09:00:00","SUIUSDC Perpetual","8h","0.010000%"
"2024-07-09 01:00:00","SUIUSDC Perpetual","8h","0.010000%"
"2024-07-08 17:00:00","SUIUSDC Perpetual","8h","0.010000%"
"2024-07-08 09:00:00","SUIUSDC Perpetual","8h","0.010000%"
"2024-07-08 01:00:00","SUIUSDC Perpetual","8h","0.010000%"
"2024-07-07 17:00:00","SUIUSDC Perpetual","8h","0.000287%"
"2024-07-07 09:00:00","SUIUSDC Perpetual","8h","-0.000670%"
"2024-07-07 01:00:00","SUIUSDC Perpetual","8h","-0.026386%"
"2024-07-06 17:00:00","SUIUSDC Perpetual","8h","-0.004551%"
"2024-07-06 09:00:00","SUIUSDC Perpetual","8h","0.001003%"
"2024-07-06 01:00:00","SUIUSDC Perpetual","8h","0.004473%"
"2024-07-05 17:00:00","SUIUSDC Perpetual","8h","0.007253%"
"2024-07-05 09:00:00","SUIUSDC Perpetual","8h","0.010000%"
"2024-07-05 01:00:00","SUIUSDC Perpetual","8h","0.010000%"
"2024-07-04 17:00:00","SUIUSDC Perpetual","8h","0.010000%"
"2024-07-04 09:00:00","SUIUSDC Perpetual","8h","0.010000%"
"2024-07-04 01:00:00","SUIUSDC Perpetual","8h","0.010000%"
"2024-07-03 17:00:00","SUIUSDC Perpetual","8h","0.010000%"
"2024-07-03 09:00:00","SUIUSDC Perpetual","8h","0.010000%"
"2024-07-03 01:00:00","SUIUSDC Perpetual","8h","0.010000%"
"2024-07-02 17:00:00","SUIUSDC Perpetual","8h","0.010000%"
"2024-07-02 09:00:00","SUIUSDC Perpetual","8h","0.010000%"
"2024-07-02 01:00:00","SUIUSDC Perpetual","8h","0.010000%"
"2024-07-01 17:00:00","SUIUSDC Perpetual","8h","0.010000%"
"2024-07-01 09:00:00","SUIUSDC Perpetual","8h","0.010000%"
"2024-07-01 01:00:00","SUIUSDC Perpetual","8h","0.010000%"
"2024-06-30 17:00:00","SUIUSDC Perpetual","8h","0.010000%"
"2024-06-30 09:00:00","SUIUSDC Perpetual","8h","0.010000%"
"2024-06-30 01:00:00","SUIUSDC Perpetual","8h","0.010000%"
"2024-06-29 17:00:00","SUIUSDC Perpetual","8h","0.010000%"
"2024-06-29 09:00:00","SUIUSDC Perpetual","8h","0.010000%"
"2024-06-29 01:00:00","SUIUSDC Perpetual","8h","0.010000%"
"2024-06-28 17:00:00","SUIUSDC Perpetual","8h","0.010000%"
"2024-06-28 09:00:00","SUIUSDC Perpetual","8h","0.010000%"
"2024-06-28 01:00:00","SUIUSDC Perpetual","8h","0.010000%"
"2024-06-27 17:00:00","SUIUSDC Perpetual","8h","0.010000%"
"2024-06-27 09:00:00","SUIUSDC Perpetual","8h","0.010000%"
"2024-06-27 01:00:00","SUIUSDC Perpetual","8h","0.010000%"
"2024-06-26 17:00:00","SUIUSDC Perpetual","8h","0.010000%"
"2024-06-26 09:00:00","SUIUSDC Perpetual","8h","0.010000%"
"2024-06-26 01:00:00","SUIUSDC Perpetual","8h","0.010000%"
"2024-06-25 17:00:00","SUIUSDC Perpetual","8h","0.010000%"
"2024-06-25 09:00:00","SUIUSDC Perpetual","8h","0.010000%"
"2024-06-25 01:00:00","SUIUSDC Perpetual","8h","0.010000%"
"2024-06-24 17:00:00","SUIUSDC Perpetual","8h","0.010000%"
"2024-06-24 09:00:00","SUIUSDC Perpetual","8h","-0.007257%"
"2024-06-24 01:00:00","SUIUSDC Perpetual","8h","0.008124%"
"2024-06-23 17:00:00","SUIUSDC Perpetual","8h","0.010000%"
"2024-06-23 09:00:00","SUIUSDC Perpetual","8h","0.010000%"
"2024-06-23 01:00:00","SUIUSDC Perpetual","8h","0.010000%"
"2024-06-22 17:00:00","SUIUSDC Perpetual","8h","0.010000%"
"2024-06-22 09:00:00","SUIUSDC Perpetual","8h","0.010000%"
"2024-06-22 01:00:00","SUIUSDC Perpetual","8h","0.010000%"
"2024-06-21 17:00:00","SUIUSDC Perpetual","8h","0.010000%"
"2024-06-21 09:00:00","SUIUSDC Perpetual","8h","0.010000%"
"2024-06-21 01:00:00","SUIUSDC Perpetual","8h","0.005513%"
"2024-06-20 17:00:00","SUIUSDC Perpetual","8h","0.009958%"
"2024-06-20 09:00:00","SUIUSDC Perpetual","8h","0.010000%"
"2024-06-20 01:00:00","SUIUSDC Perpetual","8h","0.006723%"
"2024-06-19 17:00:00","SUIUSDC Perpetual","8h","0.008185%"
"2024-06-19 09:00:00","SUIUSDC Perpetual","8h","0.010000%"
"2024-06-19 01:00:00","SUIUSDC Perpetual","8h","0.010000%"
"2024-06-18 17:00:00","SUIUSDC Perpetual","8h","0.010000%"
"2024-06-18 09:00:00","SUIUSDC Perpetual","8h","0.010000%"
"2024-06-18 01:00:00","SUIUSDC Perpetual","8h","0.010000%"
"2024-06-17 17:00:00","SUIUSDC Perpetual","8h","0.010000%"
"2024-06-17 09:00:00","SUIUSDC Perpetual","8h","0.010000%"
"2024-06-17 01:00:00","SUIUSDC Perpetual","8h","0.010000%"
"2024-06-16 17:00:00","SUIUSDC Perpetual","8h","0.010000%"
"2024-06-16 09:00:00","SUIUSDC Perpetual","8h","0.010000%"
"2024-06-16 01:00:00","SUIUSDC Perpetual","8h","0.010000%"
"2024-06-15 17:00:00","SUIUSDC Perpetual","8h","0.010000%"
"2024-06-15 09:00:00","SUIUSDC Perpetual","8h","0.010000%"
"2024-06-15 01:00:00","SUIUSDC Perpetual","8h","0.010000%"
"2024-06-14 17:00:00","SUIUSDC Perpetual","8h","0.010000%"
"2024-06-14 09:00:00","SUIUSDC Perpetual","8h","0.010000%"
"2024-06-14 01:00:00","SUIUSDC Perpetual","8h","0.010000%"
"2024-06-13 17:00:00","SUIUSDC Perpetual","8h","0.010000%"
"2024-06-13 09:00:00","SUIUSDC Perpetual","8h","0.010000%"
"2024-06-13 01:00:00","SUIUSDC Perpetual","8h","0.010000%"
"2024-06-12 17:00:00","SUIUSDC Perpetual","8h","0.010000%"
"2024-06-12 09:00:00","SUIUSDC Perpetual","8h","0.010000%"
"2024-06-12 01:00:00","SUIUSDC Perpetual","8h","0.010000%"
"2024-06-11 17:00:00","SUIUSDC Perpetual","8h","0.010000%"
"2024-06-11 09:00:00","SUIUSDC Perpetual","8h","0.010000%"
"2024-06-11 01:00:00","SUIUSDC Perpetual","8h","0.010000%"
"2024-06-10 17:00:00","SUIUSDC Perpetual","8h","0.010000%"
"2024-06-10 09:00:00","SUIUSDC Perpetual","8h","0.010000%"
"2024-06-10 01:00:00","SUIUSDC Perpetual","8h","0.010000%"
"2024-06-09 17:00:00","SUIUSDC Perpetual","8h","0.010000%"
"2024-06-09 09:00:00","SUIUSDC Perpetual","8h","0.010000%"
"2024-06-09 01:00:00","SUIUSDC Perpetual","8h","0.010000%"
"2024-06-08 17:00:00","SUIUSDC Perpetual","8h","0.010000%"
"2024-06-08 09:00:00","SUIUSDC Perpetual","8h","0.010000%"
"2024-06-08 01:00:00","SUIUSDC Perpetual","8h","0.010000%"
"2024-06-07 17:00:00","SUIUSDC Perpetual","8h","0.010000%"
"2024-06-07 09:00:00","SUIUSDC Perpetual","8h","0.010000%"
"2024-06-07 01:00:00","SUIUSDC Perpetual","8h","0.015958%"
"2024-06-06 17:00:00","SUIUSDC Perpetual","8h","0.010000%"
"2024-06-06 09:00:00","SUIUSDC Perpetual","8h","0.010000%"
"2024-06-06 01:00:00","SUIUSDC Perpetual","8h","0.010000%"
"2024-06-05 17:00:00","SUIUSDC Perpetual","8h","0.010000%"
"2024-06-05 09:00:00","SUIUSDC Perpetual","8h","0.010000%"
"2024-06-05 01:00:00","SUIUSDC Perpetual","8h","0.010000%"
"2024-06-04 17:00:00","SUIUSDC Perpetual","8h","0.010000%"
"2024-06-04 09:00:00","SUIUSDC Perpetual","8h","0.010000%"
"2024-06-04 01:00:00","SUIUSDC Perpetual","8h","0.010000%"
"2024-06-03 17:00:00","SUIUSDC Perpetual","8h","0.010000%"
"2024-06-03 09:00:00","SUIUSDC Perpetual","8h","0.010000%"
"2024-06-03 01:00:00","SUIUSDC Perpetual","8h","0.010000%"
"2024-06-02 17:00:00","SUIUSDC Perpetual","8h","0.010000%"
"2024-06-02 09:00:00","SUIUSDC Perpetual","8h","0.010000%"
"2024-06-02 01:00:00","SUIUSDC Perpetual","8h","0.010000%"
"2024-06-01 17:00:00","SUIUSDC Perpetual","8h","0.010000%"
"2024-06-01 09:00:00","SUIUSDC Perpetual","8h","0.010000%"
"2024-06-01 01:00:00","SUIUSDC Perpetual","8h","0.010000%"
"2024-05-31 17:00:00","SUIUSDC Perpetual","8h","0.010000%"
"2024-05-31 09:00:00","SUIUSDC Perpetual","8h","0.010000%"
"2024-05-31 01:00:00","SUIUSDC Perpetual","8h","0.010000%"
"2024-05-30 17:00:00","SUIUSDC Perpetual","8h","0.021301%"
"2024-05-30 09:00:00","SUIUSDC Perpetual","8h","0.010000%"
"2024-05-30 01:00:00","SUIUSDC Perpetual","8h","0.015707%"
"2024-05-29 17:00:00","SUIUSDC Perpetual","8h","0.013098%"
"2024-05-29 09:00:00","SUIUSDC Perpetual","8h","0.011921%"
"2024-05-29 01:00:00","SUIUSDC Perpetual","8h","0.017952%"
"2024-05-28 17:00:00","SUIUSDC Perpetual","8h","0.010000%"
"2024-05-28 09:00:00","SUIUSDC Perpetual","8h","0.010000%"
"2024-05-28 01:00:00","SUIUSDC Perpetual","8h","0.010000%"
"2024-05-27 17:00:00","SUIUSDC Perpetual","8h","0.010000%"
"2024-05-27 09:00:00","SUIUSDC Perpetual","8h","0.010000%"
"2024-05-27 01:00:00","SUIUSDC Perpetual","8h","0.010000%"
"2024-05-26 17:00:00","SUIUSDC Perpetual","8h","0.010000%"
"2024-05-26 09:00:00","SUIUSDC Perpetual","8h","0.010000%"
"2024-05-26 01:00:00","SUIUSDC Perpetual","8h","0.010000%"
"2024-05-25 17:00:00","SUIUSDC Perpetual","8h","0.010000%"
"2024-05-25 09:00:00","SUIUSDC Perpetual","8h","0.010000%"
"2024-05-25 01:00:00","SUIUSDC Perpetual","8h","0.010000%"
"2024-05-24 17:00:00","SUIUSDC Perpetual","8h","0.010000%"
"2024-05-24 09:00:00","SUIUSDC Perpetual","8h","0.010000%"
"2024-05-24 01:00:00","SUIUSDC Perpetual","8h","0.010000%"
"2024-05-23 17:00:00","SUIUSDC Perpetual","8h","0.010000%"
"2024-05-23 09:00:00","SUIUSDC Perpetual","8h","0.010000%"
"2024-05-23 01:00:00","SUIUSDC Perpetual","8h","0.010000%"
"2024-05-22 17:00:00","SUIUSDC Perpetual","8h","0.010000%"
"2024-05-22 09:00:00","SUIUSDC Perpetual","8h","0.010000%"
"2024-05-22 01:00:00","SUIUSDC Perpetual","8h","0.010000%"
"2024-05-21 17:00:00","SUIUSDC Perpetual","8h","0.010000%"
"2024-05-21 09:00:00","SUIUSDC Perpetual","8h","0.010000%"
"2024-05-21 01:00:00","SUIUSDC Perpetual","8h","0.004909%"
"2024-05-20 17:00:00","SUIUSDC Perpetual","8h","0.010000%"
"2024-05-20 09:00:00","SUIUSDC Perpetual","8h","0.010000%"
"2024-05-20 01:00:00","SUIUSDC Perpetual","8h","0.010000%"
"2024-05-19 17:00:00","SUIUSDC Perpetual","8h","0.009980%"
"2024-05-19 09:00:00","SUIUSDC Perpetual","8h","-0.001490%"
"2024-05-19 01:00:00","SUIUSDC Perpetual","8h","0.010000%"
"2024-05-18 17:00:00","SUIUSDC Perpetual","8h","0.010000%"
"2024-05-18 09:00:00","SUIUSDC Perpetual","8h","-0.026479%"
"2024-05-18 01:00:00","SUIUSDC Perpetual","8h","-0.004185%"
"2024-05-17 17:00:00","SUIUSDC Perpetual","8h","0.006333%"
"2024-05-17 09:00:00","SUIUSDC Perpetual","8h","-0.000434%"
"2024-05-17 01:00:00","SUIUSDC Perpetual","8h","-0.011587%"
"2024-05-16 17:00:00","SUIUSDC Perpetual","8h","0.010000%"
"2024-05-16 09:00:00","SUIUSDC Perpetual","8h","0.003954%"
"2024-05-16 01:00:00","SUIUSDC Perpetual","8h","-0.007535%"
"2024-05-15 17:00:00","SUIUSDC Perpetual","8h","-0.003752%"
"2024-05-15 09:00:00","SUIUSDC Perpetual","8h","0.004907%"
"2024-05-15 01:00:00","SUIUSDC Perpetual","8h","0.010000%"
"2024-05-14 17:00:00","SUIUSDC Perpetual","8h","0.010000%"
"2024-05-14 09:00:00","SUIUSDC Perpetual","8h","0.010000%"
"2024-05-14 01:00:00","SUIUSDC Perpetual","8h","0.006300%"
"2024-05-13 17:00:00","SUIUSDC Perpetual","8h","0.010000%"
"2024-05-13 09:00:00","SUIUSDC Perpetual","8h","0.010000%"
"2024-05-13 01:00:00","SUIUSDC Perpetual","8h","0.010000%"
"2024-05-12 17:00:00","SUIUSDC Perpetual","8h","0.010000%"
"2024-05-12 09:00:00","SUIUSDC Perpetual","8h","0.010000%"
"2024-05-12 01:00:00","SUIUSDC Perpetual","8h","0.010000%"
"2024-05-11 17:00:00","SUIUSDC Perpetual","8h","0.010000%"
"2024-05-11 09:00:00","SUIUSDC Perpetual","8h","0.010000%"
"2024-05-11 01:00:00","SUIUSDC Perpetual","8h","0.010000%"
"2024-05-10 17:00:00","SUIUSDC Perpetual","8h","0.010000%"
"2024-05-10 09:00:00","SUIUSDC Perpetual","8h","-0.002453%"
"2024-05-10 01:00:00","SUIUSDC Perpetual","8h","0.010000%"
"2024-05-09 17:00:00","SUIUSDC Perpetual","8h","0.010000%"
"2024-05-09 09:00:00","SUIUSDC Perpetual","8h","0.010000%"
"2024-05-09 01:00:00","SUIUSDC Perpetual","8h","0.010000%"
"2024-05-08 17:00:00","SUIUSDC Perpetual","8h","0.010000%"
"2024-05-08 09:00:00","SUIUSDC Perpetual","8h","0.010000%"
"2024-05-08 01:00:00","SUIUSDC Perpetual","8h","0.010000%"
"2024-05-07 17:00:00","SUIUSDC Perpetual","8h","0.010000%"
"2024-05-07 09:00:00","SUIUSDC Perpetual","8h","0.010000%"
"2024-05-07 01:00:00","SUIUSDC Perpetual","8h","0.010000%"
"2024-05-06 17:00:00","SUIUSDC Perpetual","8h","0.010000%"
"2024-05-06 09:00:00","SUIUSDC Perpetual","8h","0.010000%"
"2024-05-06 01:00:00","SUIUSDC Perpetual","8h","0.010000%"
"2024-05-05 17:00:00","SUIUSDC Perpetual","8h","0.010000%"
"2024-05-05 09:00:00","SUIUSDC Perpetual","8h","0.010000%"
"2024-05-05 01:00:00","SUIUSDC Perpetual","8h","0.004038%"
"2024-05-04 17:00:00","SUIUSDC Perpetual","8h","-0.001026%"
"2024-05-04 09:00:00","SUIUSDC Perpetual","8h","-0.020574%"
"2024-05-04 01:00:00","SUIUSDC Perpetual","8h","-0.011921%"
"2024-05-03 17:00:00","SUIUSDC Perpetual","8h","-0.015464%"
"2024-05-03 09:00:00","SUIUSDC Perpetual","8h","-0.011759%"
"2024-05-03 01:00:00","SUIUSDC Perpetual","8h","-0.003416%"
"2024-05-02 17:00:00","SUIUSDC Perpetual","8h","0.010000%"
"2024-05-02 09:00:00","SUIUSDC Perpetual","8h","0.010000%"
"2024-05-02 01:00:00","SUIUSDC Perpetual","8h","0.000958%"
"2024-05-01 17:00:00","SUIUSDC Perpetual","8h","-0.019415%"
"2024-05-01 09:00:00","SUIUSDC Perpetual","8h","-0.005127%"
"2024-05-01 01:00:00","SUIUSDC Perpetual","8h","-0.005219%"
"2024-04-30 17:00:00","SUIUSDC Perpetual","8h","0.010000%"
"2024-04-30 09:00:00","SUIUSDC Perpetual","8h","0.010000%"
"2024-04-30 01:00:00","SUIUSDC Perpetual","8h","0.010000%"
"2024-04-29 17:00:00","SUIUSDC Perpetual","8h","0.010000%"
"2024-04-29 09:00:00","SUIUSDC Perpetual","8h","-0.010027%"
"2024-04-29 01:00:00","SUIUSDC Perpetual","8h","-0.003899%"
"2024-04-28 17:00:00","SUIUSDC Perpetual","8h","-0.052088%"
"2024-04-28 09:00:00","SUIUSDC Perpetual","8h","-0.010619%"
"2024-04-28 01:00:00","SUIUSDC Perpetual","8h","-0.009020%"
"2024-04-27 17:00:00","SUIUSDC Perpetual","8h","0.010000%"
"2024-04-27 09:00:00","SUIUSDC Perpetual","8h","0.010000%"
"2024-04-27 01:00:00","SUIUSDC Perpetual","8h","0.010000%"
"2024-04-26 17:00:00","SUIUSDC Perpetual","8h","0.010000%"
"2024-04-26 09:00:00","SUIUSDC Perpetual","8h","-0.001868%"
"2024-04-26 01:00:00","SUIUSDC Perpetual","8h","0.010000%"
"2024-04-25 17:00:00","SUIUSDC Perpetual","8h","0.010000%"
"2024-04-25 09:00:00","SUIUSDC Perpetual","8h","0.001454%"
"2024-04-25 01:00:00","SUIUSDC Perpetual","8h","0.010000%"
"2024-04-24 17:00:00","SUIUSDC Perpetual","8h","-0.018436%"
"2024-04-24 09:00:00","SUIUSDC Perpetual","8h","-0.011211%"
"2024-04-24 01:00:00","SUIUSDC Perpetual","8h","0.010000%"
"2024-04-23 17:00:00","SUIUSDC Perpetual","8h","-0.036677%"
"2024-04-23 09:00:00","SUIUSDC Perpetual","8h","-0.028209%"
"2024-04-23 01:00:00","SUIUSDC Perpetual","8h","-0.001976%"
"2024-04-22 17:00:00","SUIUSDC Perpetual","8h","-0.000664%"
"2024-04-22 09:00:00","SUIUSDC Perpetual","8h","-0.028703%"
"2024-04-22 01:00:00","SUIUSDC Perpetual","8h","-0.003442%"
"2024-04-21 17:00:00","SUIUSDC Perpetual","8h","-0.009324%"
"2024-04-21 09:00:00","SUIUSDC Perpetual","8h","-0.001603%"
"2024-04-21 01:00:00","SUIUSDC Perpetual","8h","0.010000%"
"2024-04-20 17:00:00","SUIUSDC Perpetual","8h","-0.022119%"
"2024-04-20 09:00:00","SUIUSDC Perpetual","8h","-0.039995%"
"2024-04-20 01:00:00","SUIUSDC Perpetual","8h","-0.014575%"
"2024-04-19 17:00:00","SUIUSDC Perpetual","8h","-0.007736%"
"2024-04-19 09:00:00","SUIUSDC Perpetual","8h","-0.007280%"
"2024-04-19 01:00:00","SUIUSDC Perpetual","8h","-0.030805%"
"2024-04-18 17:00:00","SUIUSDC Perpetual","8h","-0.013553%"
"2024-04-18 09:00:00","SUIUSDC Perpetual","8h","0.006989%"
"2024-04-18 01:00:00","SUIUSDC Perpetual","8h","-0.017155%"
"2024-04-17 17:00:00","SUIUSDC Perpetual","8h","-0.022744%"
"2024-04-17 09:00:00","SUIUSDC Perpetual","8h","0.010000%"
"2024-04-17 01:00:00","SUIUSDC Perpetual","8h","-0.003248%"
"2024-04-16 17:00:00","SUIUSDC Perpetual","8h","0.010000%"
"2024-04-16 09:00:00","SUIUSDC Perpetual","8h","-0.011023%"
"2024-04-16 01:00:00","SUIUSDC Perpetual","8h","-0.010089%"
"2024-04-15 17:00:00","SUIUSDC Perpetual","8h","-0.009680%"
"2024-04-15 09:00:00","SUIUSDC Perpetual","8h","-0.004849%"
"2024-04-15 01:00:00","SUIUSDC Perpetual","8h","0.007977%"
"2024-04-14 17:00:00","SUIUSDC Perpetual","8h","0.010000%"
"2024-04-14 09:00:00","SUIUSDC Perpetual","8h","-0.013150%"
"2024-04-14 01:00:00","SUIUSDC Perpetual","8h","-0.001498%"
"2024-04-13 17:00:00","SUIUSDC Perpetual","8h","0.010000%"
"2024-04-13 09:00:00","SUIUSDC Perpetual","8h","0.010000%"
"2024-04-13 01:00:00","SUIUSDC Perpetual","8h","0.010000%"
"2024-04-12 17:00:00","SUIUSDC Perpetual","8h","0.010000%"
"2024-04-12 09:00:00","SUIUSDC Perpetual","8h","0.015612%"
"2024-04-12 01:00:00","SUIUSDC Perpetual","8h","0.011586%"
"2024-04-11 17:00:00","SUIUSDC Perpetual","8h","0.018138%"
"2024-04-11 09:00:00","SUIUSDC Perpetual","8h","0.013955%"
"2024-04-11 01:00:00","SUIUSDC Perpetual","8h","0.014909%"
"2024-04-10 17:00:00","SUIUSDC Perpetual","8h","0.021053%"
"2024-04-10 09:00:00","SUIUSDC Perpetual","8h","0.010000%"
"2024-04-10 01:00:00","SUIUSDC Perpetual","8h","0.029981%"
"2024-04-09 17:00:00","SUIUSDC Perpetual","8h","0.023268%"
"2024-04-09 09:00:00","SUIUSDC Perpetual","8h","0.015878%"
"2024-04-09 01:00:00","SUIUSDC Perpetual","8h","0.039402%"
"2024-04-08 17:00:00","SUIUSDC Perpetual","8h","0.010000%"
"2024-04-08 09:00:00","SUIUSDC Perpetual","8h","0.010000%"
"2024-04-08 01:00:00","SUIUSDC Perpetual","8h","0.010000%"
"2024-04-07 17:00:00","SUIUSDC Perpetual","8h","0.010000%"
"2024-04-07 09:00:00","SUIUSDC Perpetual","8h","0.010000%"
"2024-04-07 01:00:00","SUIUSDC Perpetual","8h","0.010000%"
"2024-04-06 17:00:00","SUIUSDC Perpetual","8h","0.010000%"
"2024-04-06 09:00:00","SUIUSDC Perpetual","8h","0.010000%"
"2024-04-06 01:00:00","SUIUSDC Perpetual","8h","0.010000%"
"2024-04-05 17:00:00","SUIUSDC Perpetual","8h","0.010000%"
"2024-04-05 09:00:00","SUIUSDC Perpetual","8h","0.010000%"
"2024-04-05 01:00:00","SUIUSDC Perpetual","8h","0.010000%"
"2024-04-04 17:00:00","SUIUSDC Perpetual","8h","0.010000%"
"2024-04-04 09:00:00","SUIUSDC Perpetual","8h","0.010000%"
"2024-04-04 01:00:00","SUIUSDC Perpetual","8h","0.010000%"
"2024-04-03 17:00:00","SUIUSDC Perpetual","8h","0.010000%"
"2024-04-03 09:00:00","SUIUSDC Perpetual","8h","0.010000%"
"2024-04-03 01:00:00","SUIUSDC Perpetual","8h","0.010000%"
"2024-04-02 17:00:00","SUIUSDC Perpetual","8h","0.010000%"
"2024-04-02 09:00:00","SUIUSDC Perpetual","8h","0.013038%"
"2024-04-02 01:00:00","SUIUSDC Perpetual","8h","0.012992%"
"2024-04-01 17:00:00","SUIUSDC Perpetual","8h","0.028114%"
"2024-04-01 09:00:00","SUIUSDC Perpetual","8h","0.036851%"
"2024-04-01 01:00:00","SUIUSDC Perpetual","8h","0.037507%"
"2024-03-31 17:00:00","SUIUSDC Perpetual","8h","0.030538%"
"2024-03-31 09:00:00","SUIUSDC Perpetual","8h","0.017992%"
"2024-03-31 01:00:00","SUIUSDC Perpetual","8h","0.029618%"
"2024-03-30 17:00:00","SUIUSDC Perpetual","8h","0.024873%"
"2024-03-30 09:00:00","SUIUSDC Perpetual","8h","0.026312%"
"2024-03-30 01:00:00","SUIUSDC Perpetual","8h","0.024055%"
"2024-03-29 17:00:00","SUIUSDC Perpetual","8h","0.034762%"
"2024-03-29 09:00:00","SUIUSDC Perpetual","8h","0.035163%"
"2024-03-29 01:00:00","SUIUSDC Perpetual","8h","0.024086%"
"2024-03-28 17:00:00","SUIUSDC Perpetual","8h","0.017429%"
"2024-03-28 09:00:00","SUIUSDC Perpetual","8h","0.025040%"
"2024-03-28 01:00:00","SUIUSDC Perpetual","8h","0.015432%"
"2024-03-27 17:00:00","SUIUSDC Perpetual","8h","0.040236%"
"2024-03-27 09:00:00","SUIUSDC Perpetual","8h","0.032084%"
"2024-03-27 01:00:00","SUIUSDC Perpetual","8h","0.013831%"
"2024-03-26 17:00:00","SUIUSDC Perpetual","8h","0.011951%"
"2024-03-26 09:00:00","SUIUSDC Perpetual","8h","0.010000%"
"2024-03-26 01:00:00","SUIUSDC Perpetual","8h","0.010000%"
"2024-03-25 17:00:00","SUIUSDC Perpetual","8h","0.016506%"
"2024-03-25 09:00:00","SUIUSDC Perpetual","8h","0.012481%"
"2024-03-25 01:00:00","SUIUSDC Perpetual","8h","0.020706%"
"2024-03-24 17:00:00","SUIUSDC Perpetual","8h","0.010000%"
"2024-03-24 09:00:00","SUIUSDC Perpetual","8h","0.010000%"
"2024-03-24 01:00:00","SUIUSDC Perpetual","8h","0.010000%"
"2024-03-23 17:00:00","SUIUSDC Perpetual","8h","0.010000%"
"2024-03-23 09:00:00","SUIUSDC Perpetual","8h","0.022190%"
"2024-03-23 01:00:00","SUIUSDC Perpetual","8h","0.012502%"
"2024-03-22 17:00:00","SUIUSDC Perpetual","8h","0.010000%"
"2024-03-22 09:00:00","SUIUSDC Perpetual","8h","0.010333%"
"2024-03-22 01:00:00","SUIUSDC Perpetual","8h","0.010000%"
"2024-03-21 17:00:00","SUIUSDC Perpetual","8h","0.010000%"
"2024-03-21 09:00:00","SUIUSDC Perpetual","8h","0.017782%"
"2024-03-21 01:00:00","SUIUSDC Perpetual","8h","0.010000%"
"2024-03-20 17:00:00","SUIUSDC Perpetual","8h","0.010000%"
"2024-03-20 09:00:00","SUIUSDC Perpetual","8h","0.011686%"
"2024-03-20 01:00:00","SUIUSDC Perpetual","8h","0.011648%"
"2024-03-19 17:00:00","SUIUSDC Perpetual","8h","0.010000%"
"2024-03-19 09:00:00","SUIUSDC Perpetual","8h","0.010000%"
"2024-03-19 01:00:00","SUIUSDC Perpetual","8h","0.011166%"
"2024-03-18 17:00:00","SUIUSDC Perpetual","8h","0.010937%"
"2024-03-18 09:00:00","SUIUSDC Perpetual","8h","0.010000%"
"2024-03-18 01:00:00","SUIUSDC Perpetual","8h","0.022982%"
"2024-03-17 17:00:00","SUIUSDC Perpetual","8h","0.039213%"
"2024-03-17 09:00:00","SUIUSDC Perpetual","8h","0.017124%"
"2024-03-17 01:00:00","SUIUSDC Perpetual","8h","0.037543%"
"2024-03-16 17:00:00","SUIUSDC Perpetual","8h","0.030740%"
"2024-03-16 09:00:00","SUIUSDC Perpetual","8h","0.010000%"
"2024-03-16 01:00:00","SUIUSDC Perpetual","8h","0.019452%"
"2024-03-15 17:00:00","SUIUSDC Perpetual","8h","0.019440%"
"2024-03-15 09:00:00","SUIUSDC Perpetual","8h","0.046035%"
"2024-03-15 01:00:00","SUIUSDC Perpetual","8h","0.058200%"
"2024-03-14 17:00:00","SUIUSDC Perpetual","8h","0.068220%"
"2024-03-14 09:00:00","SUIUSDC Perpetual","8h","0.038811%"
"2024-03-14 01:00:00","SUIUSDC Perpetual","8h","0.050365%"
"2024-03-13 17:00:00","SUIUSDC Perpetual","8h","0.044292%"
"2024-03-13 09:00:00","SUIUSDC Perpetual","8h","0.067027%"
"2024-03-13 01:00:00","SUIUSDC Perpetual","8h","0.042418%"
"2024-03-12 17:00:00","SUIUSDC Perpetual","8h","0.053558%"
"2024-03-12 09:00:00","SUIUSDC Perpetual","8h","0.068318%"
"2024-03-12 01:00:00","SUIUSDC Perpetual","8h","0.065987%"
"2024-03-11 17:00:00","SUIUSDC Perpetual","8h","0.063063%"
"2024-03-11 09:00:00","SUIUSDC Perpetual","8h","0.047801%"
"2024-03-11 01:00:00","SUIUSDC Perpetual","8h","0.045086%"
"2024-03-10 17:00:00","SUIUSDC Perpetual","8h","0.050177%"
"2024-03-10 09:00:00","SUIUSDC Perpetual","8h","0.078632%"
"2024-03-10 01:00:00","SUIUSDC Perpetual","8h","0.060779%"
"2024-03-09 17:00:00","SUIUSDC Perpetual","8h","0.054395%"
"2024-03-09 09:00:00","SUIUSDC Perpetual","8h","0.032972%"
"2024-03-09 01:00:00","SUIUSDC Perpetual","8h","0.049776%"
"2024-03-08 17:00:00","SUIUSDC Perpetual","8h","0.044015%"
"2024-03-08 09:00:00","SUIUSDC Perpetual","8h","0.042118%"
"2024-03-08 01:00:00","SUIUSDC Perpetual","8h","0.037028%"
"2024-03-07 17:00:00","SUIUSDC Perpetual","8h","0.033884%"
"2024-03-07 09:00:00","SUIUSDC Perpetual","8h","0.047800%"
"2024-03-07 01:00:00","SUIUSDC Perpetual","8h","0.030354%"
"2024-03-06 17:00:00","SUIUSDC Perpetual","8h","0.010000%"
"2024-03-06 09:00:00","SUIUSDC Perpetual","8h","0.012600%"
"2024-03-06 01:00:00","SUIUSDC Perpetual","8h","0.114419%"
"2024-03-05 17:00:00","SUIUSDC Perpetual","8h","0.120831%"
"2024-03-05 09:00:00","SUIUSDC Perpetual","8h","0.065424%"
"2024-03-05 01:00:00","SUIUSDC Perpetual","8h","0.073121%"
"2024-03-04 17:00:00","SUIUSDC Perpetual","8h","0.100617%"
"2024-03-04 09:00:00","SUIUSDC Perpetual","8h","0.077870%"
"2024-03-04 01:00:00","SUIUSDC Perpetual","8h","0.066146%"
"2024-03-03 17:00:00","SUIUSDC Perpetual","8h","0.114268%"
"2024-03-03 09:00:00","SUIUSDC Perpetual","8h","0.118479%"
"2024-03-03 01:00:00","SUIUSDC Perpetual","8h","0.099346%"
"2024-03-02 17:00:00","SUIUSDC Perpetual","8h","0.098723%"
"2024-03-02 09:00:00","SUIUSDC Perpetual","8h","0.061005%"
"2024-03-02 01:00:00","SUIUSDC Perpetual","8h","0.048397%"
"2024-03-01 17:00:00","SUIUSDC Perpetual","8h","0.051568%"
"2024-03-01 09:00:00","SUIUSDC Perpetual","8h","0.072620%"
"2024-03-01 01:00:00","SUIUSDC Perpetual","8h","0.082106%"
"2024-02-29 17:00:00","SUIUSDC Perpetual","8h","0.069352%"
"2024-02-29 09:00:00","SUIUSDC Perpetual","8h","0.017472%"
"2024-02-29 01:00:00","SUIUSDC Perpetual","8h","0.067118%"
"2024-02-28 17:00:00","SUIUSDC Perpetual","8h","0.057373%"
"2024-02-28 09:00:00","SUIUSDC Perpetual","8h","0.054445%"
"2024-02-28 01:00:00","SUIUSDC Perpetual","8h","0.045984%"
"2024-02-27 17:00:00","SUIUSDC Perpetual","8h","0.064285%"
"2024-02-27 09:00:00","SUIUSDC Perpetual","8h","0.045848%"
"2024-02-27 01:00:00","SUIUSDC Perpetual","8h","0.031862%"
"2024-02-26 17:00:00","SUIUSDC Perpetual","8h","0.010000%"
"2024-02-26 09:00:00","SUIUSDC Perpetual","8h","0.029411%"
"2024-02-26 01:00:00","SUIUSDC Perpetual","8h","0.016947%"
"2024-02-25 17:00:00","SUIUSDC Perpetual","8h","0.026626%"
"2024-02-25 09:00:00","SUIUSDC Perpetual","8h","0.010000%"
"2024-02-25 01:00:00","SUIUSDC Perpetual","8h","0.010000%"
"2024-02-24 17:00:00","SUIUSDC Perpetual","8h","0.039018%"
"2024-02-24 09:00:00","SUIUSDC Perpetual","8h","0.010000%"
"2024-02-24 01:00:00","SUIUSDC Perpetual","8h","0.010000%"
"2024-02-23 17:00:00","SUIUSDC Perpetual","8h","0.010000%"
"2024-02-23 09:00:00","SUIUSDC Perpetual","8h","0.010000%"
"2024-02-23 01:00:00","SUIUSDC Perpetual","8h","0.013972%"
"2024-02-22 17:00:00","SUIUSDC Perpetual","8h","0.016218%"
"2024-02-22 09:00:00","SUIUSDC Perpetual","8h","0.010000%"
"2024-02-22 01:00:00","SUIUSDC Perpetual","8h","0.010000%"
"2024-02-21 17:00:00","SUIUSDC Perpetual","8h","0.010000%"
"2024-02-21 09:00:00","SUIUSDC Perpetual","8h","0.010000%"
"2024-02-21 01:00:00","SUIUSDC Perpetual","8h","0.010000%"
"2024-02-20 17:00:00","SUIUSDC Perpetual","8h","0.018758%"
"2024-02-20 09:00:00","SUIUSDC Perpetual","8h","0.025265%"
"2024-02-20 01:00:00","SUIUSDC Perpetual","8h","0.010000%"
"2024-02-19 17:00:00","SUIUSDC Perpetual","8h","0.017879%"
"2024-02-19 09:00:00","SUIUSDC Perpetual","8h","0.010000%"
"2024-02-19 01:00:00","SUIUSDC Perpetual","8h","0.018655%"
"2024-02-18 17:00:00","SUIUSDC Perpetual","8h","0.015208%"
"2024-02-18 09:00:00","SUIUSDC Perpetual","8h","0.010000%"
"2024-02-18 01:00:00","SUIUSDC Perpetual","8h","0.010000%"
"2024-02-17 17:00:00","SUIUSDC Perpetual","8h","0.010000%"
"2024-02-17 09:00:00","SUIUSDC Perpetual","8h","0.010000%"
"2024-02-17 01:00:00","SUIUSDC Perpetual","8h","0.010000%"
"2024-02-16 17:00:00","SUIUSDC Perpetual","8h","0.010000%"
"2024-02-16 09:00:00","SUIUSDC Perpetual","8h","0.010000%"
"2024-02-16 01:00:00","SUIUSDC Perpetual","8h","0.010000%"
"2024-02-15 17:00:00","SUIUSDC Perpetual","8h","0.010000%"
"2024-02-15 09:00:00","SUIUSDC Perpetual","8h","0.010000%"
"2024-02-15 01:00:00","SUIUSDC Perpetual","8h","0.010000%"
"2024-02-14 17:00:00","SUIUSDC Perpetual","8h","0.010000%"
"2024-02-14 09:00:00","SUIUSDC Perpetual","8h","0.010000%"
"2024-02-14 01:00:00","SUIUSDC Perpetual","8h","0.010000%"
"2024-02-13 17:00:00","SUIUSDC Perpetual","8h","0.010000%"
"2024-02-13 09:00:00","SUIUSDC Perpetual","8h","0.010000%"
"2024-02-13 01:00:00","SUIUSDC Perpetual","8h","0.010000%"
"2024-02-12 17:00:00","SUIUSDC Perpetual","8h","0.010000%"
"2024-02-12 09:00:00","SUIUSDC Perpetual","8h","0.010000%"
"2024-02-12 01:00:00","SUIUSDC Perpetual","8h","0.010000%"
"2024-02-11 17:00:00","SUIUSDC Perpetual","8h","0.010000%"
"2024-02-11 09:00:00","SUIUSDC Perpetual","8h","0.010000%"
"2024-02-11 01:00:00","SUIUSDC Perpetual","8h","0.010000%"
"2024-02-10 17:00:00","SUIUSDC Perpetual","8h","0.010000%"
"2024-02-10 09:00:00","SUIUSDC Perpetual","8h","0.010000%"
"2024-02-10 01:00:00","SUIUSDC Perpetual","8h","0.010000%"
"2024-02-09 17:00:00","SUIUSDC Perpetual","8h","0.010000%"
"2024-02-09 09:00:00","SUIUSDC Perpetual","8h","0.009846%"
"2024-02-09 01:00:00","SUIUSDC Perpetual","8h","0.010000%"
"2024-02-08 17:00:00","SUIUSDC Perpetual","8h","0.010000%"
"2024-02-08 09:00:00","SUIUSDC Perpetual","8h","0.010000%"
"2024-02-08 01:00:00","SUIUSDC Perpetual","8h","0.010000%"
"2024-02-07 17:00:00","SUIUSDC Perpetual","8h","0.010000%"